name	test_id	n	delivered	plan	connect_med	txdone_med	teardown_med	cycle_med	p90	max	wifi_ready	encode	sendto	nonce	pre	post_mode	auth	cb_seen	cb_timeout	samples
VAL20_PRE200	101	20	19	20	127	1	77	420	440	490	20	20	20	20	200	1	3	20	0	19
VAL100_PRE200	102	100	100	100	127	2	86	420	490	680	100	100	100	100	200	1	3	100	0	100
VAL200_PRE200	103	200	189	200	127	1	97	430	490	780	200	200	200	200	200	1	3	200	0	189
PRE150_S20	140	20	20	20	115	4	76	350	420	500	20	20	20	20	150	1	3	20	0	20
PRE100_S20	130	20	20	20	128	0	85	320	350	390	20	20	20	20	100	1	3	20	0	20
PRE75_S20	125	20	20	20	134	4	76	280	320	430	20	20	20	20	75	1	3	20	0	20
PRE50_S20	120	20	16	20	133	6	71	270	330	390	20	20	20	20	50	1	3	20	0	16
PRE25_S20	115	20	20	20	114	1	92	230	290	640	20	20	20	20	25	1	3	20	0	20
PRE0_S20	110	20	3	20	126	0	59	220	230	240	20	20	20	20	0	1	3	20	0	4
