record_id	kind	outer	hot	user_us	wifi_us	connect_us	txdone_us	teardown_us	sleep_elapsed_us	sleep_overhead_us	app_entry_us	cb_seen	cb_timeout	brownout	auth	seq	diag_mode	tx_cb_total	tx_cb_success	tx_cb_failed	first_status	first_cb_delta_us	first_success_delta_us	first_failed_delta_us	last_cb_delta_us	callbacks_after_success	rssi	disconnect_count	last_disconnect_reason	reconnect_count	ap_primary	variant	short_retry	long_retry	retry_called	retry_set_rc	retry_cfg_us	encode_us	actual_channel	wifi_init_us	heap_before	heap_after
1	1	0	0	3199803	3199803	0	0	0	3040755	40755	5429	0	0	0	0	2	0	0	0	0	255	4294967295	4294967295	4294967295	4294967295	0	0	0	0	0	0	0	0	0	0	-1	0	0	0	0	0	0
2	2	0	1	250258	238699	126876	17745	78841	3040736	40736	5429	1	0	0	3	3	0	1	1	0	1	4294967295	4294967295	4294967295	4294967295	0	-33	0	0	0	9	0	0	0	0	-1	0	3242	9	16316	348292	301708
3	2	0	2	410269	398711	235548	6490	140250	3040768	40768	5429	1	0	0	3	4	0	1	1	0	1	4294967295	4294967295	4294967295	4294967295	0	-34	0	0	0	9	0	0	0	0	-1	0	3197	9	16317	348292	301708
4	2	0	3	370267	358880	168325	83558	83244	3040750	40750	5429	1	0	0	3	5	0	1	1	0	1	4294967295	4294967295	4294967295	4294967295	0	-34	0	0	0	9	0	0	0	0	-1	0	3133	9	16488	348292	301708
5	2	0	4	260266	248876	159408	5041	61521	3040723	40723	5429	1	0	0	3	6	0	1	1	0	1	4294967295	4294967295	4294967295	4294967295	0	-34	0	0	0	9	0	0	0	0	-1	0	3377	9	16485	348292	301708
6	2	0	5	240270	228877	145899	1035	65775	3040681	40681	5429	1	0	0	3	7	0	1	1	0	1	4294967295	4294967295	4294967295	4294967295	0	-34	0	0	0	9	0	0	0	0	-1	0	3133	9	16482	348292	301708
7	2	0	6	250269	238874	139106	10128	66180	3040745	40745	5429	1	0	0	3	8	0	1	1	0	1	4294967295	4294967295	4294967295	4294967295	0	-34	0	0	0	9	0	0	0	0	-1	0	3132	9	16479	348292	301708
8	2	0	7	230260	218862	143814	3106	53698	3040743	40743	5429	1	0	0	3	9	0	1	1	0	1	4294967295	4294967295	4294967295	4294967295	0	-33	0	0	0	9	0	0	0	0	-1	0	3131	9	16476	348292	301708
9	2	0	8	270269	258868	158381	11660	65148	3040734	40734	5429	1	0	0	3	10	0	1	1	0	1	4294967295	4294967295	4294967295	4294967295	0	-33	0	0	0	9	0	0	0	0	-1	0	3136	9	16473	348292	301708
10	2	0	9	270266	258862	138886	10933	85637	3040707	40707	5429	1	0	0	3	11	0	1	1	0	1	4294967295	4294967295	4294967295	4294967295	0	-34	0	0	0	9	0	0	0	0	-1	0	3376	9	16470	348292	301708
11	2	0	10	240264	228857	126591	1350	85423	3040744	40744	5429	1	0	0	3	12	0	1	1	0	1	4294967295	4294967295	4294967295	4294967295	0	-33	0	0	0	9	0	0	0	0	-1	0	3066	9	16468	348292	301708
12	2	0	11	260269	248859	131454	1542	95268	3040723	40723	5429	1	0	0	3	13	0	1	1	0	1	4294967295	4294967295	4294967295	4294967295	0	-33	0	0	0	9	0	0	0	0	-1	0	3133	9	16464	348292	301708
13	2	0	12	210269	198858	118934	2716	54098	3040737	40737	5429	1	0	0	3	14	0	1	1	0	1	4294967295	4294967295	4294967295	4294967295	0	-31	0	0	0	9	0	0	0	0	-1	0	3129	9	16462	348292	301708
14	2	0	13	240267	228851	113723	14138	82708	3040711	40711	5429	1	0	0	3	15	0	1	1	0	1	4294967295	4294967295	4294967295	4294967295	0	-31	0	0	0	9	0	0	0	0	-1	0	3089	9	16459	348292	301708
15	2	0	14	260269	248851	154471	13563	62872	3040744	40744	5429	1	0	0	3	16	0	1	1	0	1	4294967295	4294967295	4294967295	4294967295	0	-33	0	0	0	9	0	0	0	0	-1	0	3135	9	16456	348292	301708
16	2	0	15	240275	228853	142033	8551	58264	3040724	40724	5429	1	0	0	3	17	0	1	1	0	1	4294967295	4294967295	4294967295	4294967295	0	-33	0	0	0	9	0	0	0	0	-1	0	3133	9	16453	348292	301708
17	2	0	16	270254	258830	144713	11088	85482	3040698	40698	5429	1	0	0	3	18	0	1	1	0	1	4294967295	4294967295	4294967295	4294967295	0	-32	0	0	0	9	0	0	0	0	-1	0	3242	9	16450	348292	301708
18	2	0	17	250269	238842	148752	1305	65550	3040711	40711	5429	1	0	0	3	19	0	1	1	0	1	4294967295	4294967295	4294967295	4294967295	0	-31	0	0	0	9	0	0	0	0	-1	0	3082	9	16447	348292	301708
19	2	0	18	230269	218839	120448	6219	70369	3040703	40703	5429	1	0	0	3	20	0	1	1	0	1	4294967295	4294967295	4294967295	4294967295	0	-33	0	0	0	9	0	0	0	0	-1	0	3344	9	16444	348292	301708
20	2	0	19	230280	218847	130416	3970	61509	3040702	40702	5429	1	0	0	3	21	0	1	1	0	1	4294967295	4294967295	4294967295	4294967295	0	-31	0	0	0	9	0	0	0	0	-1	0	4482	9	16441	348292	301708
21	2	0	20	240269	228833	133430	4309	72543	3040732	40732	5429	1	0	0	3	22	0	1	1	0	1	4294967295	4294967295	4294967295	4294967295	0	-33	0	0	0	9	0	0	0	0	-1	0	3083	9	16438	348292	301708
22	2	0	21	240259	228821	127125	10891	75953	3040732	40732	5429	1	0	0	3	23	0	1	1	0	1	4294967295	4294967295	4294967295	4294967295	0	-33	0	0	0	9	0	0	0	0	-1	0	3084	9	16435	348292	301708
23	2	0	22	360272	348830	269128	672	56097	3040758	40758	5429	1	0	0	3	24	0	1	1	0	1	4294967295	4294967295	4294967295	4294967295	0	-32	0	0	0	9	0	0	0	0	-1	0	3178	9	16433	348292	301708
24	2	0	23	270266	258822	164195	6202	70540	3040740	40740	5429	1	0	0	3	25	0	1	1	0	1	4294967295	4294967295	4294967295	4294967295	0	-32	0	0	0	9	0	0	0	0	-1	0	3199	9	16430	348292	301708
25	2	0	24	260263	248815	130362	11340	84116	3040694	40694	5429	1	0	0	3	26	0	1	1	0	1	4294967295	4294967295	4294967295	4294967295	0	-33	0	0	0	9	0	0	0	0	-1	0	4482	9	16427	348292	301708
26	2	0	25	320267	308816	174266	40946	75896	3040730	40730	5429	1	0	0	3	27	0	1	1	0	1	4294967295	4294967295	4294967295	4294967295	0	-33	0	0	0	9	0	0	0	0	-1	0	3082	9	16424	348292	301708
27	2	0	26	270262	258808	146305	13090	83484	3040682	40682	5429	1	0	0	3	28	0	1	1	0	1	4294967295	4294967295	4294967295	4294967295	0	-33	0	0	0	9	0	0	0	0	-1	0	3246	9	16421	348292	301708
29	2	0	28	300261	288802	207923	163	66677	3040732	40732	5429	1	0	0	3	30	0	1	1	0	1	4294967295	4294967295	4294967295	4294967295	0	-32	0	0	0	9	0	0	0	0	-1	0	3087	9	16415	348292	301708
30	2	0	29	250269	238807	123502	9911	86937	3040745	40745	5429	1	0	0	3	31	0	1	1	0	1	4294967295	4294967295	4294967295	4294967295	0	-32	0	0	0	9	0	0	0	0	-1	0	3087	9	16412	348292	301708
31	2	0	30	250269	238804	147884	289	76559	3040745	40745	5429	1	0	0	3	32	0	1	1	0	1	4294967295	4294967295	4294967295	4294967295	0	-33	0	0	0	9	0	0	0	0	-1	0	3087	9	16409	348292	301708
32	1	1	0	3169808	3169808	147884	289	76559	3040745	40745	5429	1	0	0	3	33	0	0	0	0	255	4294967295	4294967295	4294967295	4294967295	0	0	0	0	0	0	1	0	0	0	-1	0	3087	0	16409	348292	301708
33	2	1	1	390257	378782	270126	6402	80435	3040754	40754	5429	1	0	0	3	34	0	1	1	0	1	4294967295	4294967295	4294967295	4294967295	0	-32	0	0	0	9	1	0	0	0	-1	0	3081	9	16399	348292	301708
34	2	1	2	230260	218789	119133	5838	71011	3040712	40712	5429	1	0	0	3	35	0	1	1	0	1	4294967295	4294967295	4294967295	4294967295	0	-32	0	0	0	9	1	0	0	0	-1	0	3083	9	16404	348292	301708
35	2	1	3	270272	258801	169956	10075	56665	3040704	40704	5429	1	0	0	3	36	0	1	1	0	1	4294967295	4294967295	4294967295	4294967295	0	-32	0	0	0	9	1	0	0	0	-1	0	3092	9	16404	348292	301708
36	2	1	4	190257	178786	112618	1426	45418	3040705	40705	5429	1	0	0	3	37	0	1	1	0	1	4294967295	4294967295	4294967295	4294967295	0	-34	0	0	0	9	1	0	0	0	-1	0	3080	9	16404	348292	301708
37	2	1	5	320267	308797	209066	5356	71386	3040752	40752	5429	1	0	0	3	38	0	1	1	0	1	4294967295	4294967295	4294967295	4294967295	0	-33	0	0	0	9	1	0	0	0	-1	0	3193	9	16404	348292	301708
38	2	1	6	240270	228800	138933	5606	61204	3040720	40720	5429	1	0	0	3	39	0	1	1	0	1	4294967295	4294967295	4294967295	4294967295	0	-32	0	0	0	9	1	0	0	0	-1	0	3128	9	16404	348292	301708
39	2	1	7	220261	208791	110319	4643	72206	3040661	40661	5429	1	0	0	3	40	0	1	1	0	1	4294967295	4294967295	4294967295	4294967295	0	-33	0	0	0	9	1	0	0	0	-1	0	3080	9	16404	348292	301708
40	2	1	8	240264	228793	122601	12985	73868	3040735	40735	5429	1	0	0	3	41	0	1	1	0	1	4294967295	4294967295	4294967295	4294967295	0	-32	0	0	0	9	1	0	0	0	-1	0	3083	9	16404	348292	301708
41	2	1	9	260267	248797	170337	814	55929	3040743	40743	5429	1	0	0	3	42	0	1	1	0	1	4294967295	4294967295	4294967295	4294967295	0	-32	0	0	0	9	1	0	0	0	-1	0	3195	9	16404	348292	301708
42	2	1	10	250264	238793	147884	157	76697	3040738	40738	5429	1	0	0	3	43	0	1	1	0	1	4294967295	4294967295	4294967295	4294967295	0	-32	0	0	0	9	1	0	0	0	-1	0	3082	9	16404	348292	301708
43	2	1	11	240264	228793	146969	157	66702	3040749	40749	5429	1	0	0	3	44	0	1	1	0	1	4294967295	4294967295	4294967295	4294967295	0	-32	0	0	0	9	1	0	0	0	-1	0	3075	9	16404	348292	301708
44	2	1	12	270261	258790	152380	158	86541	3040731	40731	5429	1	0	0	3	45	0	1	1	0	1	4294967295	4294967295	4294967295	4294967295	0	-32	0	0	0	9	1	0	0	0	-1	0	3081	9	16404	348292	301708
45	2	1	13	240265	228794	132774	36522	40060	3040727	40727	5429	1	0	0	3	46	0	1	1	0	1	4294967295	4294967295	4294967295	4294967295	0	-32	0	0	0	9	1	0	0	0	-1	0	3091	9	16404	348292	301708
46	2	1	14	240250	228779	130075	157	76684	3040720	40720	5429	1	0	0	3	47	0	1	1	0	1	4294967295	4294967295	4294967295	4294967295	0	-32	0	0	0	9	1	0	0	0	-1	0	3081	9	16404	348292	301708
47	2	1	15	210263	198793	116964	8542	58315	3040742	40742	5429	1	0	0	3	48	0	1	1	0	1	4294967295	4294967295	4294967295	4294967295	0	-32	0	0	0	9	1	0	0	0	-1	0	3079	9	16404	348292	301708
48	2	1	16	280260	268789	172977	2829	74022	3040736	40736	5429	1	0	0	3	49	0	1	1	0	1	4294967295	4294967295	4294967295	4294967295	0	-32	0	0	0	9	1	0	0	0	-1	0	3081	9	16404	348292	301708
49	2	1	17	520259	508788	216837	35449	241394	3040781	40781	5429	1	0	0	3	50	0	1	1	0	1	4294967295	4294967295	4294967295	4294967295	0	-32	0	0	0	9	1	0	0	0	-1	0	3077	9	16404	348292	301708
50	2	1	18	220258	208787	124422	158	66696	3040745	40745	5429	1	0	0	3	51	0	1	1	0	1	4294967295	4294967295	4294967295	4294967295	0	-32	0	0	0	9	1	0	0	0	-1	0	3074	9	16404	348292	301708
51	2	1	19	310247	298776	172593	34359	72479	3040759	40759	5429	1	0	0	3	52	0	1	1	0	1	4294967295	4294967295	4294967295	4294967295	0	-34	0	0	0	9	1	0	0	0	-1	0	3074	9	16404	348292	301708
52	2	1	20	310257	298786	207443	309	76540	3040742	40742	5429	1	0	0	3	53	0	1	1	0	1	4294967295	4294967295	4294967295	4294967295	0	-32	0	0	0	9	1	0	0	0	-1	0	3078	9	16404	348292	301708
53	2	1	21	220258	208787	118019	13534	63306	3040717	40717	5429	1	0	0	3	54	0	1	1	0	1	4294967295	4294967295	4294967295	4294967295	0	-32	0	0	0	9	1	0	0	0	-1	0	3092	9	16404	348292	301708
54	2	1	22	220268	208797	123344	986	65752	3040747	40747	5429	1	0	0	3	55	0	1	1	0	1	4294967295	4294967295	4294967295	4294967295	0	-34	0	0	0	9	1	0	0	0	-1	0	3196	9	16404	348292	301708
55	2	1	23	220263	208793	112328	3681	73175	3040725	40725	5429	1	0	0	3	56	0	1	1	0	1	4294967295	4294967295	4294967295	4294967295	0	-32	0	0	0	9	1	0	0	0	-1	0	3080	9	16404	348292	301708
56	2	1	24	280271	268800	173491	10746	66059	3040717	40717	5429	1	0	0	3	57	0	1	1	0	1	4294967295	4294967295	4294967295	4294967295	0	-35	0	0	0	9	1	0	0	0	-1	0	3133	9	16404	348292	301708
57	2	1	25	250263	238792	132796	13548	71881	3040739	40739	5429	1	0	0	3	58	0	1	1	0	1	4294967295	4294967295	4294967295	4294967295	0	-33	0	0	0	9	1	0	0	0	-1	0	4507	9	16404	348292	301708
61	2	1	29	260263	248792	160087	13825	51604	3040755	40755	5429	1	0	0	3	62	0	1	1	0	1	4294967295	4294967295	4294967295	4294967295	0	-32	0	0	0	9	1	0	0	0	-1	0	4509	9	16404	348292	301708
62	2	1	30	230263	218793	115483	13142	73715	3040736	40736	5429	1	0	0	3	63	0	1	1	0	1	4294967295	4294967295	4294967295	4294967295	0	-33	0	0	0	9	1	0	0	0	-1	0	3080	9	16404	348292	301708
66	2	2	3	330245	318771	223713	7619	69219	3040744	40744	5429	1	0	0	3	67	0	1	1	0	1	4294967295	4294967295	4294967295	4294967295	0	-33	0	0	0	9	2	0	0	0	-1	0	3077	9	10623	348292	301812
67	2	2	4	470264	458790	283622	46341	110469	3040810	40810	5429	1	0	0	3	68	0	1	1	0	1	4294967295	4294967295	4294967295	4294967295	0	-35	0	0	0	9	2	0	0	0	-1	0	3128	9	10623	348292	301812
68	2	2	5	350251	338777	219482	15013	81828	3040770	40770	5429	1	0	0	3	69	0	1	1	0	1	4294967295	4294967295	4294967295	4294967295	0	-33	0	0	0	9	2	0	0	0	-1	0	3076	9	10623	348292	301812
69	2	2	6	360254	348780	260801	19098	47699	3040770	40770	5429	1	0	0	3	70	0	1	1	0	1	4294967295	4294967295	4294967295	4294967295	0	-32	0	0	0	9	2	0	0	0	-1	0	3131	9	10623	348292	301812
70	2	2	7	330256	318782	218298	4324	72520	3040739	40739	5429	1	0	0	3	71	0	1	1	0	1	4294967295	4294967295	4294967295	4294967295	0	-34	0	0	0	9	2	0	0	0	-1	0	3077	9	10623	348292	301812
71	2	2	8	380265	368791	267186	20532	66048	3040703	40703	5429	1	0	0	3	72	0	1	1	0	1	4294967295	4294967295	4294967295	4294967295	0	-35	0	0	0	9	2	0	0	0	-1	0	3233	9	10623	348292	301812
72	2	2	9	330260	318786	239572	7721	48729	3040780	40780	5429	1	0	0	3	73	0	1	1	0	1	4294967295	4294967295	4294967295	4294967295	0	-33	0	0	0	9	2	0	0	0	-1	0	3478	9	10623	348292	301812
73	2	2	10	350258	338784	244905	153	76699	3040777	40777	5429	1	0	0	3	74	0	1	1	0	1	4294967295	4294967295	4294967295	4294967295	0	-33	0	0	0	9	2	0	0	0	-1	0	3078	9	10623	348292	301812
75	2	2	12	360256	348782	226529	23246	83599	3040757	40757	5429	1	0	0	3	76	0	1	1	0	1	4294967295	4294967295	4294967295	4294967295	0	-33	0	0	0	9	2	0	0	0	-1	0	3076	9	10623	348292	301812
76	2	2	13	340258	328784	231597	153	76700	3040772	40772	5429	1	0	0	3	77	0	1	1	0	1	4294967295	4294967295	4294967295	4294967295	0	-34	0	0	0	9	2	0	0	0	-1	0	3077	9	10623	348292	301812
77	2	2	14	380257	368783	277832	5412	71326	3040777	40777	5429	1	0	0	3	78	0	1	1	0	1	4294967295	4294967295	4294967295	4294967295	0	-33	0	0	0	9	2	0	0	0	-1	0	3195	9	10623	348292	301812
78	2	2	15	340259	328785	246789	10295	56435	3040717	40717	5429	1	0	0	3	79	0	1	1	0	1	4294967295	4294967295	4294967295	4294967295	0	-35	0	0	0	9	2	0	0	0	-1	0	3197	9	10623	348292	301812
79	2	2	16	310253	298780	211639	1614	65235	3040765	40765	5429	1	0	0	3	80	0	1	1	0	1	4294967295	4294967295	4294967295	4294967295	0	-35	0	0	0	9	2	0	0	0	-1	0	3077	9	10623	348292	301812
80	2	2	17	310257	298783	219883	156	56697	3040739	40739	5429	1	0	0	3	81	0	1	1	0	1	4294967295	4294967295	4294967295	4294967295	0	-35	0	0	0	9	2	0	0	0	-1	0	3076	9	10623	348292	301812
81	2	2	18	320256	308782	233508	985	55815	3040730	40730	5429	1	0	0	3	82	0	1	1	0	1	4294967295	4294967295	4294967295	4294967295	0	-33	0	0	0	9	2	0	0	0	-1	0	3127	9	10623	348292	301812
82	2	2	19	340253	328779	215793	15851	80997	3040754	40754	5429	1	0	0	3	83	0	1	1	0	1	4294967295	4294967295	4294967295	4294967295	0	-33	0	0	0	9	2	0	0	0	-1	0	3077	9	10623	348292	301812
83	2	2	20	380256	368782	252883	11193	85387	3040788	40788	5429	1	0	0	3	84	0	1	1	0	1	4294967295	4294967295	4294967295	4294967295	0	-33	0	0	0	9	2	0	0	0	-1	0	3229	9	10623	348292	301812
85	2	2	22	370259	358785	261130	9450	66006	3040750	40750	5429	1	0	0	3	86	0	1	1	0	1	4294967295	4294967295	4294967295	4294967295	0	-35	0	0	0	9	2	0	0	0	-1	0	4390	9	10623	348292	301812
86	2	2	23	320253	308779	214746	5815	71033	3040774	40774	5429	1	0	0	3	87	0	1	1	0	1	4294967295	4294967295	4294967295	4294967295	0	-35	0	0	0	9	2	0	0	0	-1	0	3077	9	10623	348292	301812
87	2	2	24	370254	358780	270686	11548	55071	3040790	40790	5429	1	0	0	3	88	0	1	1	0	1	4294967295	4294967295	4294967295	4294967295	0	-34	0	0	0	9	2	0	0	0	-1	0	3189	9	10623	348292	301812
88	2	2	25	360256	348782	261159	3303	63498	3040781	40781	5429	1	0	0	3	89	0	1	1	0	1	4294967295	4294967295	4294967295	4294967295	0	-33	0	0	0	9	2	0	0	0	-1	0	3129	9	10623	348292	301812
89	2	2	26	340258	328784	213770	19425	77430	3040783	40783	5429	1	0	0	3	90	0	1	1	0	1	4294967295	4294967295	4294967295	4294967295	0	-33	0	0	0	9	2	0	0	0	-1	0	3076	9	10623	348292	301812
90	2	2	27	370261	358788	272824	2089	64653	3040792	40792	5429	1	0	0	3	91	0	1	1	0	1	4294967295	4294967295	4294967295	4294967295	0	-34	0	0	0	9	2	0	0	0	-1	0	3197	9	10623	348292	301812
91	2	2	28	330253	318779	214740	14306	72542	3040759	40759	5429	1	0	0	3	92	0	1	1	0	1	4294967295	4294967295	4294967295	4294967295	0	-32	0	0	0	9	2	0	0	0	-1	0	3077	9	10623	348292	301812
93	2	2	30	320253	308779	227448	525	66321	3040771	40771	5429	1	0	0	3	94	0	1	1	0	1	4294967295	4294967295	4294967295	4294967295	0	-32	0	0	0	9	2	0	0	0	-1	0	3077	9	10623	348292	301812
94	1	3	0	3269808	3269808	227448	525	66321	3040809	40809	5429	1	0	0	3	95	0	0	0	0	255	4294967295	4294967295	4294967295	4294967295	0	0	0	0	0	0	3	0	0	0	-1	0	3077	0	10623	348292	301812
95	2	3	1	330253	318770	228460	3200	63650	3040795	40795	5429	1	0	0	3	96	0	1	1	0	1	4294967295	4294967295	4294967295	4294967295	0	-33	0	0	0	9	3	0	0	0	-1	0	3072	9	10613	348292	301812
96	2	3	2	390249	378770	294876	8124	57314	3040773	40773	5429	1	0	0	3	97	0	1	1	0	1	4294967295	4294967295	4294967295	4294967295	0	-33	0	0	0	9	3	0	0	0	-1	0	4491	9	10618	348292	301812
97	2	3	3	320258	308779	222162	5280	61574	3040769	40769	5429	1	0	0	3	98	0	1	1	0	1	4294967295	4294967295	4294967295	4294967295	0	-35	0	0	0	9	3	0	0	0	-1	0	3077	9	10618	348292	301812
98	2	3	4	390265	378786	279347	10538	66048	3040753	40753	5429	1	0	0	3	99	0	1	1	0	1	4294967295	4294967295	4294967295	4294967295	0	-33	0	0	0	9	3	0	0	0	-1	0	3232	9	10618	348292	301812
99	2	3	5	350265	338786	240216	10552	66048	3040766	40766	5429	1	0	0	3	100	0	1	1	0	1	4294967295	4294967295	4294967295	4294967295	0	-33	0	0	0	9	3	0	0	0	-1	0	3219	9	10618	348292	301812
100	2	3	6	380264	368785	238533	36080	70510	3040790	40790	5429	1	0	0	3	101	0	1	1	0	1	4294967295	4294967295	4294967295	4294967295	0	-33	0	0	0	9	3	0	0	0	-1	0	3238	9	10618	348292	301812
101	2	3	7	440249	428770	225476	92771	92703	3040790	40790	5429	1	0	0	3	102	0	1	1	0	1	4294967295	4294967295	4294967295	4294967295	0	-33	0	0	0	9	3	0	0	0	-1	0	4449	9	10618	348292	301812
104	2	3	10	370253	358774	287610	5773	51072	3040752	40752	5429	1	0	0	3	105	0	1	1	0	1	4294967295	4294967295	4294967295	4294967295	0	-34	0	0	0	9	3	0	0	0	-1	0	3080	9	10618	348292	301812
105	2	3	11	400265	388786	230175	32122	104468	3040744	40744	5429	1	0	0	3	106	0	1	1	0	1	4294967295	4294967295	4294967295	4294967295	0	-32	0	0	0	9	3	0	0	0	-1	0	3233	9	10618	348292	301812
106	2	3	12	420256	408777	298707	17231	69572	3040758	40758	5429	1	0	0	3	107	0	1	1	0	1	4294967295	4294967295	4294967295	4294967295	0	-33	0	0	0	9	3	0	0	0	-1	0	3130	9	10618	348292	301812
107	2	3	13	350253	338774	212587	1658	105179	3040751	40751	5429	1	0	0	3	108	0	1	1	0	1	4294967295	4294967295	4294967295	4294967295	0	-34	0	0	0	9	3	0	0	0	-1	0	3076	9	10618	348292	301812
108	2	3	14	340260	328781	218652	13794	72822	3040772	40772	5429	1	0	0	3	109	0	1	1	0	1	4294967295	4294967295	4294967295	4294967295	0	-33	0	0	0	9	3	0	0	0	-1	0	3130	9	10618	348292	301812
109	2	3	15	410256	398777	234481	19366	126200	3040809	40809	5429	1	0	0	3	110	0	1	1	0	1	4294967295	4294967295	4294967295	4294967295	0	-32	0	0	0	9	3	0	0	0	-1	0	3136	9	10618	348292	301812
110	2	3	16	390255	378776	305933	5001	51845	3040790	40790	5429	1	0	0	3	111	0	1	1	0	1	4294967295	4294967295	4294967295	4294967295	0	-33	0	0	0	9	3	0	0	0	-1	0	3083	9	10618	348292	301812
111	2	3	17	340245	328766	233442	185	76655	3040794	40794	5429	1	0	0	3	112	0	1	1	0	1	4294967295	4294967295	4294967295	4294967295	0	-32	0	0	0	9	3	0	0	0	-1	0	3077	9	10618	348292	301812
112	2	3	18	390257	378778	290262	151	66701	3040772	40772	5429	1	0	0	3	113	0	1	1	0	1	4294967295	4294967295	4294967295	4294967295	0	-34	0	0	0	9	3	0	0	0	-1	0	3077	9	10618	348292	301812
113	2	3	19	420256	408777	319209	4826	61912	3040795	40795	5429	1	0	0	3	114	0	1	1	0	1	4294967295	4294967295	4294967295	4294967295	0	-34	0	0	0	9	3	0	0	0	-1	0	3193	9	10618	348292	301812
114	2	3	20	330258	318779	218947	2589	74265	3040767	40767	5429	1	0	0	3	115	0	1	1	0	1	4294967295	4294967295	4294967295	4294967295	0	-33	0	0	0	9	3	0	0	0	-1	0	3076	9	10618	348292	301812
115	2	3	21	370256	358777	278565	704	56096	3040765	40765	5429	1	0	0	3	116	0	1	1	0	1	4294967295	4294967295	4294967295	4294967295	0	-33	0	0	0	9	3	0	0	0	-1	0	3131	9	10618	348292	301812
116	2	3	22	320251	308772	224292	3278	63560	3040746	40746	5429	1	0	0	3	117	0	1	1	0	1	4294967295	4294967295	4294967295	4294967295	0	-34	0	0	0	9	3	0	0	0	-1	0	3078	9	10618	348292	301812
117	2	3	23	380256	368777	281555	7077	59721	3040794	40794	5429	1	0	0	3	118	0	1	1	0	1	4294967295	4294967295	4294967295	4294967295	0	-34	0	0	0	9	3	0	0	0	-1	0	3132	9	10618	348292	301812
118	2	3	24	350247	338768	251155	16436	49516	3040793	40793	5429	1	0	0	3	119	0	1	1	0	1	4294967295	4294967295	4294967295	4294967295	0	-32	0	0	0	9	3	0	0	0	-1	0	3130	9	10618	348292	301812
119	2	3	25	340253	328774	224475	6435	80406	3040761	40761	5429	1	0	0	3	120	0	1	1	0	1	4294967295	4294967295	4294967295	4294967295	0	-33	0	0	0	9	3	0	0	0	-1	0	3078	9	10618	348292	301812
123	2	3	29	420258	408779	326051	154	66695	3040795	40795	5429	1	0	0	3	124	0	1	1	0	1	4294967295	4294967295	4294967295	4294967295	0	-35	0	0	0	9	3	0	0	0	-1	0	3079	9	10618	348292	301812
124	2	3	30	330258	318779	220482	15349	61455	3040737	40737	5429	1	0	0	3	125	0	1	1	0	1	4294967295	4294967295	4294967295	4294967295	0	-34	0	0	0	9	3	0	0	0	-1	0	3125	9	10618	348292	301812
125	1	4	0	3459808	3459808	220482	15349	61455	3040746	40746	5429	1	0	0	3	126	0	0	0	0	255	4294967295	4294967295	4294967295	4294967295	0	0	0	0	0	0	4	0	0	0	-1	0	3125	0	10618	348292	301812
126	2	4	1	240272	228788	134849	158	76698	3040729	40729	5429	1	0	0	3	127	0	1	1	0	1	4294967295	4294967295	4294967295	4294967295	0	-35	0	0	0	9	4	0	0	0	-1	0	3082	9	16390	348292	301708
127	2	4	2	320267	308784	192398	16338	80467	3040785	40785	5429	1	0	0	3	128	0	1	1	0	1	4294967295	4294967295	4294967295	4294967295	0	-35	0	0	0	9	4	0	0	0	-1	0	3134	9	16392	348292	301708
128	2	4	3	260269	248785	164998	371	66490	3040732	40732	5429	1	0	0	3	129	0	1	1	0	1	4294967295	4294967295	4294967295	4294967295	0	-33	0	0	0	9	4	0	0	0	-1	0	3074	9	16391	348292	301708
129	2	4	4	220265	208777	116441	1006	75503	3040737	40737	5429	1	0	0	3	130	0	1	1	0	1	4294967295	4294967295	4294967295	4294967295	0	-33	0	0	0	9	4	0	0	0	-1	0	3426	9	16386	348292	301708
130	2	4	5	360266	348775	235223	163	96678	3040752	40752	5429	1	0	0	3	131	0	1	1	0	1	4294967295	4294967295	4294967295	4294967295	0	-32	0	0	0	9	4	0	0	0	-1	0	3092	9	16383	348292	301708
131	2	4	6	220267	208773	127478	3886	62580	3040774	40774	5429	1	0	0	3	132	0	1	1	0	1	4294967295	4294967295	4294967295	4294967295	0	-33	0	0	0	9	4	0	0	0	-1	0	3132	9	16380	348292	301708
132	2	4	7	250269	238772	140761	22326	54276	3040751	40751	5429	1	0	0	3	133	0	1	1	0	1	4294967295	4294967295	4294967295	4294967295	0	-32	0	0	0	9	4	0	0	0	-1	0	3239	9	16377	348292	301708
133	2	4	8	230269	218770	113644	6306	80542	3040736	40736	5429	1	0	0	3	134	0	1	1	0	1	4294967295	4294967295	4294967295	4294967295	0	-35	0	0	0	9	4	0	0	0	-1	0	3090	9	16374	348292	301708
134	2	4	9	260261	248758	157400	185	76650	3040740	40740	5429	1	0	0	3	135	0	1	1	0	1	4294967295	4294967295	4294967295	4294967295	0	-35	0	0	0	9	4	0	0	0	-1	0	3092	9	16372	348292	301708
135	2	4	10	240269	228764	113882	7621	89227	3040749	40749	5429	1	0	0	3	136	0	1	1	0	1	4294967295	4294967295	4294967295	4294967295	0	-33	0	0	0	9	4	0	0	0	-1	0	3090	9	16369	348292	301708
136	2	4	11	240269	228760	122030	6179	80666	3040760	40760	5429	1	0	0	3	137	0	1	1	0	1	4294967295	4294967295	4294967295	4294967295	0	-32	0	0	0	9	4	0	0	0	-1	0	3088	9	16366	348292	301708
137	2	4	12	290270	278759	162867	6775	88716	3040780	40780	5429	1	0	0	3	138	0	1	1	0	1	4294967295	4294967295	4294967295	4294967295	0	-35	0	0	0	9	4	0	0	0	-1	0	4460	9	16363	348292	301708
138	2	4	13	260275	248760	160301	159	66696	3040748	40748	5429	1	0	0	3	139	0	1	1	0	1	4294967295	4294967295	4294967295	4294967295	0	-33	0	0	0	9	4	0	0	0	-1	0	3086	9	16360	348292	301708
139	2	4	14	390269	378752	261689	154	96707	3040759	40759	5429	1	0	0	3	140	0	1	1	0	1	4294967295	4294967295	4294967295	4294967295	0	-33	0	0	0	9	4	0	0	0	-1	0	3074	9	16357	348292	301708
140	2	4	15	300261	288742	173611	26936	69858	3040739	40739	5429	1	0	0	3	141	0	1	1	0	1	4294967295	4294967295	4294967295	4294967295	0	-33	0	0	0	9	4	0	0	0	-1	0	3133	9	16355	348292	301708
141	2	4	16	270266	258743	125184	9791	106952	3040764	40764	5429	1	0	0	3	142	0	1	1	0	1	4294967295	4294967295	4294967295	4294967295	0	-33	0	0	0	9	4	0	0	0	-1	0	3198	9	16351	348292	301708
142	2	4	17	320269	308744	201579	21238	65526	3040781	40781	5429	1	0	0	3	143	0	1	1	0	1	4294967295	4294967295	4294967295	4294967295	0	-35	0	0	0	9	4	0	0	0	-1	0	3126	9	16348	348292	301708
143	2	4	18	250267	238738	123994	4382	91206	3040779	40779	5429	1	0	0	3	144	0	1	1	0	1	4294967295	4294967295	4294967295	4294967295	0	-34	0	0	0	9	4	0	0	0	-1	0	3130	9	16346	348292	301708
144	2	4	19	240258	228726	134167	8243	68605	3040751	40751	5429	1	0	0	3	145	0	1	1	0	1	4294967295	4294967295	4294967295	4294967295	0	-33	0	0	0	9	4	0	0	0	-1	0	3083	9	16343	348292	301708
145	2	4	20	250271	238736	134263	20288	66457	3040773	40773	5429	1	0	0	3	146	0	1	1	0	1	4294967295	4294967295	4294967295	4294967295	0	-33	0	0	0	9	4	0	0	0	-1	0	3197	9	16340	348292	301708
146	2	4	21	250267	238729	132405	2609	84203	3040729	40729	5429	1	0	0	3	147	0	1	1	0	1	4294967295	4294967295	4294967295	4294967295	0	-33	0	0	0	9	4	0	0	0	-1	0	3128	9	16337	348292	301708
147	2	4	22	220267	208726	133493	1299	55520	3040715	40715	5429	1	0	0	3	148	0	1	1	0	1	4294967295	4294967295	4294967295	4294967295	0	-33	0	0	0	9	4	0	0	0	-1	0	3119	9	16334	348292	301708
148	2	4	23	280267	268724	140668	26836	79347	3040778	40778	5429	1	0	0	3	149	0	1	1	0	1	4294967295	4294967295	4294967295	4294967295	0	-33	0	0	0	9	4	0	0	0	-1	0	3129	9	16331	348292	301708
149	2	4	24	240263	228717	122331	16014	70668	3040728	40728	5429	1	0	0	3	150	0	1	1	0	1	4294967295	4294967295	4294967295	4294967295	0	-34	0	0	0	9	4	0	0	0	-1	0	3248	9	16328	348292	301708
150	2	4	25	350266	338717	223457	5450	91293	3040801	40801	5429	1	0	0	3	151	0	1	1	0	1	4294967295	4294967295	4294967295	4294967295	0	-34	0	0	0	9	4	0	0	0	-1	0	3194	9	16325	348292	301708
151	2	4	26	240266	228714	123606	23563	63176	3040761	40761	5429	1	0	0	3	152	0	1	1	0	1	4294967295	4294967295	4294967295	4294967295	0	-34	0	0	0	9	4	0	0	0	-1	0	3202	9	16322	348292	301708
152	2	4	27	250256	238702	122554	29367	66075	3040747	40747	5429	1	0	0	3	153	0	1	1	0	1	4294967295	4294967295	4294967295	4294967295	0	-33	0	0	0	9	4	0	0	0	-1	0	4499	9	16320	348292	301708
153	2	4	28	320267	308709	126957	2780	164028	3040726	40726	5429	1	0	0	3	154	0	1	1	0	1	4294967295	4294967295	4294967295	4294967295	0	-32	0	0	0	9	4	0	0	0	-1	0	3132	9	16317	348292	301708
154	2	4	29	230274	218887	117546	5689	81160	3040765	40765	5429	1	0	0	3	155	0	1	1	0	1	4294967295	4294967295	4294967295	4294967295	0	-35	0	0	0	9	4	0	0	0	-1	0	3090	9	16488	348292	301708
155	2	4	30	280268	268878	172750	16460	60278	3040766	40766	5429	1	0	0	3	156	0	1	1	0	1	4294967295	4294967295	4294967295	4294967295	0	-34	0	0	0	9	4	0	0	0	-1	0	3194	9	16485	348292	301708
156	1	5	0	3169808	3169808	172750	16460	60278	3040787	40787	5429	1	0	0	3	157	0	0	0	0	255	4294967295	4294967295	4294967295	4294967295	0	0	0	0	0	0	5	0	0	0	-1	0	3194	0	16485	348292	301708
157	2	5	1	240267	228867	128850	163	76683	3040727	40727	5429	1	0	0	3	158	0	1	1	0	1	4294967295	4294967295	4294967295	4294967295	0	-34	0	0	0	9	5	0	0	0	-1	0	3088	9	16475	348292	301708
158	2	5	2	300254	288856	186537	6939	78543	3040769	40769	5429	1	0	0	3	159	0	1	1	0	1	4294967295	4294967295	4294967295	4294967295	0	-33	0	0	0	9	5	0	0	0	-1	0	4406	9	16476	348292	301708
159	2	5	3	250267	238866	137324	3942	81544	3040767	40767	5429	1	0	0	3	160	0	1	1	0	1	4294967295	4294967295	4294967295	4294967295	0	-32	0	0	0	9	5	0	0	0	-1	0	4467	9	16474	348292	301708
160	2	5	4	220274	208870	123400	163	66545	3040753	40753	5429	1	0	0	3	161	0	1	1	0	1	4294967295	4294967295	4294967295	4294967295	0	-34	0	0	0	9	5	0	0	0	-1	0	3087	9	16471	348292	301708
161	2	5	5	280262	268855	156239	10016	86601	3040766	40766	5429	1	0	0	3	162	0	1	1	0	1	4294967295	4294967295	4294967295	4294967295	0	-33	0	0	0	9	5	0	0	0	-1	0	3203	9	16468	348292	301708
162	2	5	6	230263	218854	137822	5037	61692	3040769	40769	5429	1	0	0	3	163	0	1	1	0	1	4294967295	4294967295	4294967295	4294967295	0	-33	0	0	0	9	5	0	0	0	-1	0	3198	9	16465	348292	301708
163	2	5	7	240263	228851	154604	5787	50834	3040768	40768	5429	1	0	0	3	164	0	1	1	0	1	4294967295	4294967295	4294967295	4294967295	0	-33	0	0	0	9	5	0	0	0	-1	0	3313	9	16462	348292	301708
165	2	5	9	230269	218850	134956	1809	65039	3040774	40774	5429	1	0	0	3	166	0	1	1	0	1	4294967295	4294967295	4294967295	4294967295	0	-34	0	0	0	9	5	0	0	0	-1	0	3087	9	16456	348292	301708
166	2	5	10	280269	268847	176242	163	76690	3040765	40765	5429	1	0	0	3	167	0	1	1	0	1	4294967295	4294967295	4294967295	4294967295	0	-32	0	0	0	9	5	0	0	0	-1	0	3085	9	16453	348292	301708
167	2	5	11	240271	228847	113082	13409	83450	3040762	40762	5429	1	0	0	3	168	0	1	1	0	1	4294967295	4294967295	4294967295	4294967295	0	-34	0	0	0	9	5	0	0	0	-1	0	3078	9	16450	348292	301708
168	2	5	12	280268	268841	166465	8845	77654	3040762	40762	5429	1	0	0	3	169	0	1	1	0	1	4294967295	4294967295	4294967295	4294967295	0	-33	0	0	0	9	5	0	0	0	-1	0	3448	9	16447	348292	301708
169	2	5	13	240270	228840	136102	6881	69937	3040765	40765	5429	1	0	0	3	170	0	1	1	0	1	4294967295	4294967295	4294967295	4294967295	0	-33	0	0	0	9	5	0	0	0	-1	0	3123	9	16444	348292	301708
170	2	5	14	230269	218837	130820	2118	64694	3040789	40789	5429	1	0	0	3	171	0	1	1	0	1	4294967295	4294967295	4294967295	4294967295	0	-33	0	0	0	9	5	0	0	0	-1	0	3131	9	16441	348292	301708
171	2	5	15	250267	238831	153197	2497	64306	3040790	40790	5429	1	0	0	3	172	0	1	1	0	1	4294967295	4294967295	4294967295	4294967295	0	-34	0	0	0	9	5	0	0	0	-1	0	3133	9	16439	348292	301708
172	2	5	16	330269	318830	209245	10179	76675	3040649	40649	5429	1	0	0	3	173	0	1	1	0	1	4294967295	4294967295	4294967295	4294967295	0	-34	0	0	0	9	5	0	0	0	-1	0	3083	9	16436	348292	301708
173	2	5	17	230267	218825	127074	4334	72512	3040742	40742	5429	1	0	0	3	174	0	1	1	0	1	4294967295	4294967295	4294967295	4294967295	0	-32	0	0	0	9	5	0	0	0	-1	0	3089	9	16433	348292	301708
174	2	5	18	380266	368821	270999	9186	67574	3040799	40799	5429	1	0	0	3	175	0	1	1	0	1	4294967295	4294967295	4294967295	4294967295	0	-33	0	0	0	9	5	0	0	0	-1	0	3089	9	16430	348292	301708
175	2	5	19	210267	198819	113798	185	66662	3040776	40776	5429	1	0	0	3	176	0	1	1	0	1	4294967295	4294967295	4294967295	4294967295	0	-32	0	0	0	9	5	0	0	0	-1	0	3088	9	16427	348292	301708
179	2	5	23	300270	288811	178625	4284	81382	3040788	40788	5429	1	0	0	3	180	0	1	1	0	1	4294967295	4294967295	4294967295	4294967295	0	-34	0	0	0	9	5	0	0	0	-1	0	3136	9	16415	348292	301708
180	2	5	24	230272	218810	138312	2448	54366	3040746	40746	5429	1	0	0	3	181	0	1	1	0	1	4294967295	4294967295	4294967295	4294967295	0	-35	0	0	0	9	5	0	0	0	-1	0	3131	9	16412	348292	301708
181	2	5	25	310271	298806	143329	55625	79839	3040749	40749	5429	1	0	0	3	182	0	1	1	0	1	4294967295	4294967295	4294967295	4294967295	0	-32	0	0	0	9	5	0	0	0	-1	0	4409	9	16410	348292	301708
182	2	5	26	310269	298802	189633	5572	81238	3040775	40775	5429	1	0	0	3	183	0	1	1	0	1	4294967295	4294967295	4294967295	4294967295	0	-33	0	0	0	9	5	0	0	0	-1	0	3133	9	16407	348292	301708
183	2	5	27	250264	238793	136447	18147	68704	3040776	40776	5429	1	0	0	3	184	0	1	1	0	1	4294967295	4294967295	4294967295	4294967295	0	-33	0	0	0	9	5	0	0	0	-1	0	3086	9	16404	348292	301708
184	2	5	28	240270	228796	127568	8387	78421	3040764	40764	5429	1	0	0	3	185	0	1	1	0	1	4294967295	4294967295	4294967295	4294967295	0	-33	0	0	0	9	5	0	0	0	-1	0	3135	9	16401	348292	301708
185	2	5	29	240269	228793	128314	180	76591	3040783	40783	5429	1	0	0	3	186	0	1	1	0	1	4294967295	4294967295	4294967295	4294967295	0	-34	0	0	0	9	5	0	0	0	-1	0	3174	9	16398	348292	301708
186	2	5	30	330271	318791	186664	4263	112600	3040725	40725	5429	1	0	0	3	187	0	1	1	0	1	4294967295	4294967295	4294967295	4294967295	0	-33	0	0	0	9	5	0	0	0	-1	0	3073	9	16395	348292	301708
187	1	6	0	3369808	3369808	186664	4263	112600	3040816	40816	5429	1	0	0	3	188	0	0	0	0	255	4294967295	4294967295	4294967295	4294967295	0	0	0	0	0	0	6	0	0	0	-1	0	3073	0	16395	348292	301708
188	2	6	1	260272	248784	152032	162	76698	3040723	40723	5429	1	0	0	3	189	0	1	1	0	1	4294967295	4294967295	4294967295	4294967295	0	-33	0	0	0	9	6	0	0	0	-1	0	3079	9	16387	348292	301708
189	2	6	2	270274	258786	135560	161	106697	3040761	40761	5429	1	0	0	3	190	0	1	1	0	1	4294967295	4294967295	4294967295	4294967295	0	-34	0	0	0	9	6	0	0	0	-1	0	3082	9	16386	348292	301708
190	2	6	3	290269	278778	170125	318	86425	3040807	40807	5429	1	0	0	3	191	0	1	1	0	1	4294967295	4294967295	4294967295	4294967295	0	-33	0	0	0	9	6	0	0	0	-1	0	3197	9	16383	348292	301708
191	2	6	4	290271	278777	125574	12737	122737	3040788	40788	5429	1	0	0	3	192	0	1	1	0	1	4294967295	4294967295	4294967295	4294967295	0	-33	0	0	0	9	6	0	0	0	-1	0	4420	9	16380	348292	301708
192	2	6	5	280258	268761	186056	6611	58816	3040790	40790	5429	1	0	0	3	193	0	1	1	0	1	4294967295	4294967295	4294967295	4294967295	0	-33	0	0	0	9	6	0	0	0	-1	0	4421	9	16377	348292	301708
196	2	6	9	230263	218754	142110	4143	52605	3040776	40776	5429	1	0	0	3	197	0	1	1	0	1	4294967295	4294967295	4294967295	4294967295	0	-35	0	0	0	9	6	0	0	0	-1	0	3190	9	16366	348292	301708
197	2	6	10	200258	188746	112020	5597	51241	3040790	40790	5429	1	0	0	3	198	0	1	1	0	1	4294967295	4294967295	4294967295	4294967295	0	-33	0	0	0	9	6	0	0	0	-1	0	3088	9	16363	348292	301708
198	2	6	11	320272	308757	197568	18046	78565	3040784	40784	5429	1	0	0	3	199	0	1	1	0	1	4294967295	4294967295	4294967295	4294967295	0	-32	0	0	0	9	6	0	0	0	-1	0	3098	9	16360	348292	301708
199	2	6	12	260269	248752	158581	160	66696	3040746	40746	5429	1	0	0	3	200	0	1	1	0	1	4294967295	4294967295	4294967295	4294967295	0	-34	0	0	0	9	6	0	0	0	-1	0	3079	9	16357	348292	301708
200	2	6	13	290270	278751	159934	156	96705	3040769	40769	5429	1	0	0	3	201	0	1	1	0	1	4294967295	4294967295	4294967295	4294967295	0	-33	0	0	0	9	6	0	0	0	-1	0	3075	9	16355	348292	301708
202	2	6	15	820265	808739	223863	100003	466741	3040836	40836	5429	0	1	0	3	203	0	0	0	0	255	4294967295	4294967295	4294967295	4294967295	0	-33	0	0	0	9	6	0	0	0	-1	0	3077	9	16349	348292	301708
203	2	6	16	210260	198731	124987	155	56696	3040749	40749	5429	1	0	0	3	204	0	1	1	0	1	4294967295	4294967295	4294967295	4294967295	0	-35	0	0	0	9	6	0	0	0	-1	0	3075	9	16346	348292	301708
204	2	6	17	320262	308730	126974	92868	73852	3040790	40790	5429	1	0	0	3	205	0	1	1	0	1	4294967295	4294967295	4294967295	4294967295	0	-33	0	0	0	9	6	0	0	0	-1	0	3096	9	16343	348292	301708
205	2	6	18	220261	208726	123713	1440	65400	3040756	40756	5429	1	0	0	3	206	0	1	1	0	1	4294967295	4294967295	4294967295	4294967295	0	-32	0	0	0	9	6	0	0	0	-1	0	3087	9	16340	348292	301708
206	2	6	19	250267	238729	141705	12264	64587	3040776	40776	5429	1	0	0	3	207	0	1	1	0	1	4294967295	4294967295	4294967295	4294967295	0	-33	0	0	0	9	6	0	0	0	-1	0	3084	9	16337	348292	301708
207	2	6	20	350269	338728	229687	191	86671	3040806	40806	5429	1	0	0	3	208	0	1	1	0	1	4294967295	4294967295	4294967295	4294967295	0	-35	0	0	0	9	6	0	0	0	-1	0	3073	9	16334	348292	301708
208	2	6	21	280272	268729	182532	5257	60179	3040806	40806	5429	1	0	0	3	209	0	1	1	0	1	4294967295	4294967295	4294967295	4294967295	0	-34	0	0	0	9	6	0	0	0	-1	0	4515	9	16331	348292	301708
209	2	6	22	240269	228723	132336	163	76685	3040732	40732	5429	1	0	0	3	210	0	1	1	0	1	4294967295	4294967295	4294967295	4294967295	0	-33	0	0	0	9	6	0	0	0	-1	0	3087	9	16328	348292	301708
210	2	6	23	240269	228720	119767	10761	76090	3040776	40776	5429	1	0	0	3	211	0	1	1	0	1	4294967295	4294967295	4294967295	4294967295	0	-33	0	0	0	9	6	0	0	0	-1	0	3085	9	16325	348292	301708
211	2	6	24	270271	258719	163090	7353	68118	3040746	40746	5429	1	0	0	3	212	0	1	1	0	1	4294967295	4294967295	4294967295	4294967295	0	-34	0	0	0	9	6	0	0	0	-1	0	4419	9	16322	348292	301708
212	2	6	25	240271	228716	128306	214	76486	3040752	40752	5429	1	0	0	3	213	0	1	1	0	1	4294967295	4294967295	4294967295	4294967295	0	-32	0	0	0	9	6	0	0	0	-1	0	3232	9	16320	348292	301708
213	2	6	26	310266	298708	141900	7290	128167	3040759	40759	5429	1	0	0	3	214	0	1	1	0	1	4294967295	4294967295	4294967295	4294967295	0	-32	0	0	0	9	6	0	0	0	-1	0	4410	9	16317	348292	301708
214	2	6	27	310257	298871	185763	27408	68017	3040778	40778	5429	1	0	0	3	215	0	1	1	0	1	4294967295	4294967295	4294967295	4294967295	0	-33	0	0	0	9	6	0	0	0	-1	0	4514	9	16488	348292	301708
215	2	6	28	240266	228876	128608	5552	71254	3040772	40772	5429	1	0	0	3	216	0	1	1	0	1	4294967295	4294967295	4294967295	4294967295	0	-34	0	0	0	9	6	0	0	0	-1	0	3133	9	16485	348292	301708
216	2	6	29	410269	398876	130097	20229	226574	3040780	40780	5429	1	0	0	3	217	0	1	1	0	1	4294967295	4294967295	4294967295	4294967295	0	-33	0	0	0	9	6	0	0	0	-1	0	3133	9	16482	348292	301708
217	2	6	30	220259	208864	120547	163	66676	3040766	40766	5429	1	0	0	3	218	0	1	1	0	1	4294967295	4294967295	4294967295	4294967295	0	-34	0	0	0	9	6	0	0	0	-1	0	3088	9	16479	348292	301708
218	1	7	0	2929808	2929808	120547	163	66676	3040831	40831	5429	1	0	0	3	219	0	0	0	0	255	4294967295	4294967295	4294967295	4294967295	0	0	0	0	0	0	7	0	0	0	-1	0	3088	0	16479	348292	301708
219	2	7	1	300270	288864	188359	719	76091	3040788	40788	5429	1	0	0	3	220	0	1	1	0	1	4294967295	4294967295	4294967295	4294967295	0	-33	0	0	0	9	7	0	0	0	-1	0	3133	9	16469	348292	301708
220	2	7	2	360269	348866	236600	2580	93072	3040776	40776	5429	1	0	0	3	221	0	1	1	0	1	4294967295	4294967295	4294967295	4294967295	0	-32	0	0	0	9	7	0	0	0	-1	0	3133	9	16470	348292	301708
221	2	7	3	230269	218862	131851	14914	51902	3040768	40768	5429	1	0	0	3	222	0	1	1	0	1	4294967295	4294967295	4294967295	4294967295	0	-33	0	0	0	9	7	0	0	0	-1	0	3125	9	16468	348292	301708
222	2	7	4	240262	228852	134826	9685	66900	3040718	40718	5429	1	0	0	3	223	0	1	1	0	1	4294967295	4294967295	4294967295	4294967295	0	-33	0	0	0	9	7	0	0	0	-1	0	3094	9	16464	348292	301708
223	2	7	5	250270	238857	143998	1478	75333	3040789	40789	5429	1	0	0	3	224	0	1	1	0	1	4294967295	4294967295	4294967295	4294967295	0	-32	0	0	0	9	7	0	0	0	-1	0	3132	9	16462	348292	301708
224	2	7	6	240274	228858	145996	2380	64435	3040751	40751	5429	1	0	0	3	225	0	1	1	0	1	4294967295	4294967295	4294967295	4294967295	0	-35	0	0	0	9	7	0	0	0	-1	0	3133	9	16459	348292	301708
225	2	7	7	220267	208848	115147	1769	75078	3040739	40739	5429	1	0	0	3	226	0	1	1	0	1	4294967295	4294967295	4294967295	4294967295	0	-33	0	0	0	9	7	0	0	0	-1	0	3088	9	16456	348292	301708
226	2	7	8	270267	258845	126002	163	116683	3040763	40763	5429	1	0	0	3	227	0	1	1	0	1	4294967295	4294967295	4294967295	4294967295	0	-33	0	0	0	9	7	0	0	0	-1	0	3088	9	16453	348292	301708
227	2	7	9	220267	208842	113068	5324	71522	3040730	40730	5429	1	0	0	3	228	0	1	1	0	1	4294967295	4294967295	4294967295	4294967295	0	-35	0	0	0	9	7	0	0	0	-1	0	3088	9	16450	348292	301708
228	2	7	10	230267	218839	128201	162	76688	3040732	40732	5429	1	0	0	3	229	0	1	1	0	1	4294967295	4294967295	4294967295	4294967295	0	-33	0	0	0	9	7	0	0	0	-1	0	3087	9	16447	348292	301708
229	2	7	11	300266	288836	189823	179	76561	3040760	40760	5429	1	0	0	3	230	0	1	1	0	1	4294967295	4294967295	4294967295	4294967295	0	-33	0	0	0	9	7	0	0	0	-1	0	3200	9	16444	348292	301708
230	2	7	12	230270	218837	133819	5529	61100	3040772	40772	5429	1	0	0	3	231	0	1	1	0	1	4294967295	4294967295	4294967295	4294967295	0	-34	0	0	0	9	7	0	0	0	-1	0	3134	9	16441	348292	301708
231	2	7	13	210269	198833	113190	5385	61464	3040724	40724	5429	1	0	0	3	232	0	1	1	0	1	4294967295	4294967295	4294967295	4294967295	0	-33	0	0	0	9	7	0	0	0	-1	0	3087	9	16439	348292	301708
232	2	7	14	310269	298831	181450	5370	90098	3040760	40760	5429	1	0	0	3	233	0	1	1	0	1	4294967295	4294967295	4294967295	4294967295	0	-32	0	0	0	9	7	0	0	0	-1	0	4486	9	16436	348292	301708
233	2	7	15	230269	218828	127981	622	76186	3040794	40794	5429	1	0	0	3	234	0	1	1	0	1	4294967295	4294967295	4294967295	4294967295	0	-33	0	0	0	9	7	0	0	0	-1	0	3135	9	16433	348292	301708
234	2	7	16	230262	218817	134439	10614	55962	3040804	40804	5429	1	0	0	3	235	0	1	1	0	1	4294967295	4294967295	4294967295	4294967295	0	-32	0	0	0	9	7	0	0	0	-1	0	3242	9	16430	348292	301708
235	2	7	17	220267	208819	119498	1087	65759	3040747	40747	5429	1	0	0	3	236	0	1	1	0	1	4294967295	4294967295	4294967295	4294967295	0	-32	0	0	0	9	7	0	0	0	-1	0	3088	9	16427	348292	301708
236	2	7	18	300270	288819	185028	3138	82850	3040798	40798	5429	1	0	0	3	237	0	1	1	0	1	4294967295	4294967295	4294967295	4294967295	0	-35	0	0	0	9	7	0	0	0	-1	0	3136	9	16424	348292	301708
237	2	7	19	260269	248816	129690	2235	94577	3040773	40773	5429	1	0	0	3	238	0	1	1	0	1	4294967295	4294967295	4294967295	4294967295	0	-35	0	0	0	9	7	0	0	0	-1	0	3131	9	16421	348292	301708
238	2	7	20	320270	308813	221860	3103	63704	3040793	40793	5429	1	0	0	3	239	0	1	1	0	1	4294967295	4294967295	4294967295	4294967295	0	-34	0	0	0	9	7	0	0	0	-1	0	3135	9	16418	348292	301708
239	2	7	21	260267	248808	117686	18745	98101	3040777	40777	5429	1	0	0	3	240	0	1	1	0	1	4294967295	4294967295	4294967295	4294967295	0	-35	0	0	0	9	7	0	0	0	-1	0	3089	9	16415	348292	301708
240	2	7	22	260266	248804	135432	15142	80301	3040797	40797	5429	1	0	0	3	241	0	1	1	0	1	4294967295	4294967295	4294967295	4294967295	0	-35	0	0	0	9	7	0	0	0	-1	0	4397	9	16412	348292	301708
241	2	7	23	280266	268801	121882	8409	117037	3040809	40809	5429	1	0	0	3	242	0	1	1	0	1	4294967295	4294967295	4294967295	4294967295	0	-35	0	0	0	9	7	0	0	0	-1	0	4410	9	16409	348292	301708
242	2	7	24	670262	658794	195117	9755	436978	3040786	40786	5429	1	0	0	3	243	0	1	1	0	1	4294967295	4294967295	4294967295	4294967295	0	-32	0	0	0	9	7	0	0	0	-1	0	3094	9	16406	348292	301708
243	2	7	25	260267	248796	133114	199	96652	3040773	40773	5429	1	0	0	3	244	0	1	1	0	1	4294967295	4294967295	4294967295	4294967295	0	-33	0	0	0	9	7	0	0	0	-1	0	3086	9	16404	348292	301708
244	2	7	26	250267	238793	125183	12772	84078	3040793	40793	5429	1	0	0	3	245	0	1	1	0	1	4294967295	4294967295	4294967295	4294967295	0	-33	0	0	0	9	7	0	0	0	-1	0	3089	9	16401	348292	301708
245	2	7	27	260269	248792	176573	1268	55470	3040770	40770	5429	1	0	0	3	246	0	1	1	0	1	4294967295	4294967295	4294967295	4294967295	0	-35	0	0	0	9	7	0	0	0	-1	0	3208	9	16398	348292	301708
246	2	7	28	230261	218781	123121	1819	75025	3040739	40739	5429	1	0	0	3	247	0	1	1	0	1	4294967295	4294967295	4294967295	4294967295	0	-33	0	0	0	9	7	0	0	0	-1	0	3083	9	16395	348292	301708
247	2	7	29	250272	238789	131809	6896	79954	3040754	40754	5429	1	0	0	3	248	0	1	1	0	1	4294967295	4294967295	4294967295	4294967295	0	-35	0	0	0	9	7	0	0	0	-1	0	3087	9	16392	348292	301708
248	2	7	30	270266	258782	166415	6682	68774	3040771	40771	5429	1	0	0	3	249	0	1	1	0	1	4294967295	4294967295	4294967295	4294967295	0	-34	0	0	0	9	7	0	0	0	-1	0	4399	9	16391	348292	301708
249	1	8	0	3339808	3339808	166415	6682	68774	3040783	40783	5429	1	0	0	3	250	0	0	0	0	255	4294967295	4294967295	4294967295	4294967295	0	0	0	0	0	0	8	0	0	0	-1	0	4399	0	16391	348292	301708
250	2	8	1	230272	218776	135176	4705	62109	3040766	40766	5429	1	0	0	3	251	0	1	1	0	1	4294967295	4294967295	4294967295	4294967295	0	-33	0	0	0	9	8	0	0	0	-1	0	3131	9	16379	348292	301708
251	2	8	2	270267	258773	144753	1565	95239	3040809	40809	5429	1	0	0	3	252	0	1	1	0	1	4294967295	4294967295	4294967295	4294967295	0	-34	0	0	0	9	8	0	0	0	-1	0	3133	9	16380	348292	301708
252	2	8	3	250269	238773	128215	12148	74659	3040785	40785	5429	1	0	0	3	253	0	1	1	0	1	4294967295	4294967295	4294967295	4294967295	0	-33	0	0	0	9	8	0	0	0	-1	0	3133	9	16377	348292	301708
253	2	8	4	340258	328758	217710	30309	66282	3040789	40789	5429	1	0	0	3	254	0	1	1	0	1	4294967295	4294967295	4294967295	4294967295	0	-33	0	0	0	9	8	0	0	0	-1	0	3238	9	16375	348292	301708
254	2	8	5	220258	208755	129344	1821	54915	3040682	40682	5429	1	0	0	3	255	0	1	1	0	1	4294967295	4294967295	4294967295	4294967295	0	-34	0	0	0	9	8	0	0	0	-1	0	3195	9	16372	348292	301708
255	2	8	6	210267	198761	113125	3067	63779	3040797	40797	5429	1	0	0	3	256	0	1	1	0	1	4294967295	4294967295	4294967295	4294967295	0	-33	0	0	0	9	8	0	0	0	-1	0	3088	9	16369	348292	301708
256	2	8	7	300262	288753	182998	10351	76239	3040759	40759	5429	1	0	0	3	257	0	1	1	0	1	4294967295	4294967295	4294967295	4294967295	0	-34	0	0	0	9	8	0	0	0	-1	0	3229	9	16366	348292	301708
257	2	8	8	330278	318767	236675	7968	58631	3040780	40780	5429	1	0	0	3	258	0	1	1	0	1	4294967295	4294967295	4294967295	4294967295	0	-33	0	0	0	9	8	0	0	0	-1	0	3239	9	16363	348292	301708
258	2	8	9	230259	218744	126035	6389	70440	3040753	40753	5429	1	0	0	3	259	0	1	1	0	1	4294967295	4294967295	4294967295	4294967295	0	-35	0	0	0	9	8	0	0	0	-1	0	3087	9	16360	348292	301708
259	2	8	10	270272	258755	174582	4665	60837	3040800	40800	5429	1	0	0	3	260	0	1	1	0	1	4294967295	4294967295	4294967295	4294967295	0	-33	0	0	0	9	8	0	0	0	-1	0	4455	9	16357	348292	301708
260	2	8	11	250269	238750	148809	4876	61936	3040738	40738	5429	1	0	0	3	261	0	1	1	0	1	4294967295	4294967295	4294967295	4294967295	0	-32	0	0	0	9	8	0	0	0	-1	0	3131	9	16356	348292	301708
261	2	8	12	260272	248749	142712	4976	80475	3040787	40787	5429	1	0	0	3	262	0	1	1	0	1	4294967295	4294967295	4294967295	4294967295	0	-33	0	0	0	9	8	0	0	0	-1	0	4502	9	16351	348292	301708
262	2	8	13	230267	218741	135763	3887	62416	3040730	40730	5429	1	0	0	3	263	0	1	1	0	1	4294967295	4294967295	4294967295	4294967295	0	-35	0	0	0	9	8	0	0	0	-1	0	3133	9	16348	348292	301708
263	2	8	14	270258	258729	149024	21827	64998	3040761	40761	5429	1	0	0	3	264	0	1	1	0	1	4294967295	4294967295	4294967295	4294967295	0	-32	0	0	0	9	8	0	0	0	-1	0	3107	9	16346	348292	301708
264	2	8	15	210269	198737	122859	3720	52174	3040787	40787	5429	1	0	0	3	265	0	1	1	0	1	4294967295	4294967295	4294967295	4294967295	0	-33	0	0	0	9	8	0	0	0	-1	0	3135	9	16343	348292	301708
265	2	8	16	340269	328734	135506	6855	169997	3040781	40781	5429	1	0	0	3	266	0	1	1	0	1	4294967295	4294967295	4294967295	4294967295	0	-35	0	0	0	9	8	0	0	0	-1	0	3083	9	16340	348292	301708
267	2	8	18	230267	218726	136230	161	66689	3040774	40774	5429	1	0	0	3	268	0	1	1	0	1	4294967295	4294967295	4294967295	4294967295	0	-33	0	0	0	9	8	0	0	0	-1	0	3089	9	16334	348292	301708
268	2	8	19	230261	218718	125739	3748	73092	3040766	40766	5429	1	0	0	3	269	0	1	1	0	1	4294967295	4294967295	4294967295	4294967295	0	-34	0	0	0	9	8	0	0	0	-1	0	3087	9	16331	348292	301708
273	2	8	24	310269	298711	158936	179	116630	3040760	40760	5429	1	0	0	3	274	0	1	1	0	1	4294967295	4294967295	4294967295	4294967295	0	-33	0	0	0	9	8	0	0	0	-1	0	3133	9	16317	348292	301708
274	2	8	25	290267	278880	193707	4594	60895	3040761	40761	5429	1	0	0	3	275	0	1	1	0	1	4294967295	4294967295	4294967295	4294967295	0	-33	0	0	0	9	8	0	0	0	-1	0	4467	9	16488	348292	301708
275	2	8	26	220267	208877	116868	6688	70153	3040745	40745	5429	1	0	0	3	276	0	1	1	0	1	4294967295	4294967295	4294967295	4294967295	0	-33	0	0	0	9	8	0	0	0	-1	0	3088	9	16485	348292	301708
276	2	8	27	270271	258879	174021	4542	60947	3040780	40780	5429	1	0	0	3	277	0	1	1	0	1	4294967295	4294967295	4294967295	4294967295	0	-33	0	0	0	9	8	0	0	0	-1	0	4464	9	16482	348292	301708
277	2	8	28	280267	268872	158032	24283	71807	3040738	40738	5429	1	0	0	3	278	0	1	1	0	1	4294967295	4294967295	4294967295	4294967295	0	-35	0	0	0	9	8	0	0	0	-1	0	3135	9	16479	348292	301708
278	2	8	29	230267	218869	123755	3073	73734	3040744	40744	5429	1	0	0	3	279	0	1	1	0	1	4294967295	4294967295	4294967295	4294967295	0	-33	0	0	0	9	8	0	0	0	-1	0	3134	9	16476	348292	301708
279	2	8	30	210267	198866	126499	162	56688	3040760	40760	5429	1	0	0	3	280	0	1	1	0	1	4294967295	4294967295	4294967295	4294967295	0	-33	0	0	0	9	8	0	0	0	-1	0	3087	9	16473	348292	301708
280	1	9	0	3329808	3329808	126499	162	56688	3040828	40828	5429	1	0	0	3	281	0	0	0	0	255	4294967295	4294967295	4294967295	4294967295	0	0	0	0	0	0	9	0	0	0	-1	0	3087	0	16473	348292	301708
281	2	9	1	220275	208864	126264	2920	63934	3040738	40738	5429	1	0	0	3	282	0	1	1	0	1	4294967295	4294967295	4294967295	4294967295	0	-33	0	0	0	9	9	0	0	0	-1	0	3087	9	16402	348292	310308
282	2	9	2	270269	258859	177097	163	66685	3040767	40767	5429	1	0	0	3	283	0	1	1	0	1	4294967295	4294967295	4294967295	4294967295	0	-33	0	0	0	9	9	0	0	0	-1	0	3086	9	16404	348292	310308
283	2	9	3	220269	208857	126216	5142	61711	3040753	40753	5429	1	0	0	3	284	0	1	1	0	1	4294967295	4294967295	4294967295	4294967295	0	-32	0	0	0	9	9	0	0	0	-1	0	3085	9	16401	348292	310308
284	2	9	4	310274	298858	184670	6094	89358	3040833	40833	5429	1	0	0	3	285	0	1	1	0	1	4294967295	4294967295	4294967295	4294967295	0	-33	0	0	0	9	9	0	0	0	-1	0	4503	9	16398	348292	310308
285	2	9	5	240268	228849	128654	975	75424	3040795	40795	5429	1	0	0	3	286	0	1	1	0	1	4294967295	4294967295	4294967295	4294967295	0	-33	0	0	0	9	9	0	0	0	-1	0	3548	9	16395	348292	310308
286	2	9	6	260267	248845	131179	20649	74840	3040737	40737	5429	1	0	0	3	287	0	1	1	0	1	4294967295	4294967295	4294967295	4294967295	0	-33	0	0	0	9	9	0	0	0	-1	0	4465	9	16392	348292	310308
287	2	9	7	210269	198844	128198	177	56564	3040768	40768	5429	1	0	0	3	288	0	1	1	0	1	4294967295	4294967295	4294967295	4294967295	0	-34	0	0	0	9	9	0	0	0	-1	0	3205	9	16389	348292	310308
288	2	9	8	220269	208841	112660	9684	67164	3040801	40801	5429	1	0	0	3	289	0	1	1	0	1	4294967295	4294967295	4294967295	4294967295	0	-32	0	0	0	9	9	0	0	0	-1	0	3087	9	16386	348292	310308
289	2	9	9	240267	228837	129490	11128	65718	3040761	40761	5429	1	0	0	3	290	0	1	1	0	1	4294967295	4294967295	4294967295	4294967295	0	-33	0	0	0	9	9	0	0	0	-1	0	3089	9	16383	348292	310308
290	2	9	10	310262	298829	183119	11935	84636	3040788	40788	5429	1	0	0	3	291	0	1	1	0	1	4294967295	4294967295	4294967295	4294967295	0	-33	0	0	0	9	9	0	0	0	-1	0	3243	9	16380	348292	310308
291	2	9	11	290262	278826	126899	22568	114166	3040760	40760	5429	1	0	0	3	292	0	1	1	0	1	4294967295	4294967295	4294967295	4294967295	0	-32	0	0	0	9	9	0	0	0	-1	0	3093	9	16378	348292	310308
292	2	9	12	290274	278835	186736	5103	70344	3040761	40761	5429	1	0	0	3	293	0	1	1	0	1	4294967295	4294967295	4294967295	4294967295	0	-33	0	0	0	9	9	0	0	0	-1	0	4503	9	16375	348292	310308
293	2	9	13	250269	238828	139952	3721	73089	3040782	40782	5429	1	0	0	3	294	0	1	1	0	1	4294967295	4294967295	4294967295	4294967295	0	-35	0	0	0	9	9	0	0	0	-1	0	3133	9	16372	348292	310308
294	2	9	14	260269	248824	148187	180	86563	3040795	40795	5429	1	0	0	3	295	0	1	1	0	1	4294967295	4294967295	4294967295	4294967295	0	-33	0	0	0	9	9	0	0	0	-1	0	3203	9	16369	348292	310308
295	2	9	15	220271	208823	125820	7960	57504	3040781	40781	5429	1	0	0	3	296	0	1	1	0	1	4294967295	4294967295	4294967295	4294967295	0	-34	0	0	0	9	9	0	0	0	-1	0	4408	9	16366	348292	310308
296	2	9	16	220267	208816	113261	8628	68218	3040782	40782	5429	1	0	0	3	297	0	1	1	0	1	4294967295	4294967295	4294967295	4294967295	0	-34	0	0	0	9	9	0	0	0	-1	0	3089	9	16363	348292	310308
297	2	9	17	380269	368815	235847	37332	79527	3040799	40799	5429	1	0	0	3	298	0	1	1	0	1	4294967295	4294967295	4294967295	4294967295	0	-35	0	0	0	9	9	0	0	0	-1	0	3076	9	16360	348292	310308
298	2	9	18	250267	238810	150462	3948	62802	3040812	40812	5429	1	0	0	3	299	0	1	1	0	1	4294967295	4294967295	4294967295	4294967295	0	-34	0	0	0	9	9	0	0	0	-1	0	3132	9	16357	348292	310308
299	2	9	19	230269	218810	113812	2612	84233	3040768	40768	5429	1	0	0	3	300	0	1	1	0	1	4294967295	4294967295	4294967295	4294967295	0	-33	0	0	0	9	9	0	0	0	-1	0	3090	9	16354	348292	310308
300	2	9	20	240269	228807	133396	178	76670	3040760	40760	5429	1	0	0	3	301	0	1	1	0	1	4294967295	4294967295	4294967295	4294967295	0	-32	0	0	0	9	9	0	0	0	-1	0	3087	9	16351	348292	310308
301	2	9	21	300271	288806	173722	8734	86716	3040787	40787	5429	1	0	0	3	302	0	1	1	0	1	4294967295	4294967295	4294967295	4294967295	0	-35	0	0	0	9	9	0	0	0	-1	0	4503	9	16348	348292	310308
302	2	9	22	350269	338801	250675	732	66125	3040801	40801	5429	1	0	0	3	303	0	1	1	0	1	4294967295	4294967295	4294967295	4294967295	0	-33	0	0	0	9	9	0	0	0	-1	0	3081	9	16345	348292	310308
303	2	9	23	290270	278799	124866	48522	86958	3040766	40766	5429	1	0	0	3	304	0	1	1	0	1	4294967295	4294967295	4294967295	4294967295	0	-33	0	0	0	9	9	0	0	0	-1	0	4473	9	16343	348292	310308
304	2	9	24	290269	278795	178522	4804	72003	3040767	40767	5429	1	0	0	3	305	0	1	1	0	1	4294967295	4294967295	4294967295	4294967295	0	-32	0	0	0	9	9	0	0	0	-1	0	3136	9	16340	348292	310308
305	2	9	25	220269	208792	126522	374	66475	3040759	40759	5429	1	0	0	3	306	0	1	1	0	1	4294967295	4294967295	4294967295	4294967295	0	-32	0	0	0	9	9	0	0	0	-1	0	3087	9	16337	348292	310308
306	2	9	26	230269	218789	127279	6602	70240	3040752	40752	5429	1	0	0	3	307	0	1	1	0	1	4294967295	4294967295	4294967295	4294967295	0	-33	0	0	0	9	9	0	0	0	-1	0	3087	9	16334	348292	310308
307	2	9	27	270262	258779	178159	9634	56974	3040801	40801	5429	1	0	0	3	308	0	1	1	0	1	4294967295	4294967295	4294967295	4294967295	0	-32	0	0	0	9	9	0	0	0	-1	0	3210	9	16331	348292	310308
309	2	9	29	1040297	1028809	142135	100007	766579	3040859	40859	5429	0	1	0	3	310	0	0	0	0	255	4294967295	4294967295	4294967295	4294967295	0	-32	0	0	0	9	9	0	0	0	-1	0	3133	9	16325	348292	310308
310	2	9	30	230275	218784	132388	380	66474	3040760	40760	5429	1	0	0	3	311	0	1	1	0	1	4294967295	4294967295	4294967295	4294967295	0	-32	0	0	0	9	9	0	0	0	-1	0	3087	9	16322	348292	310308
311	1	10	0	3209808	3209808	132388	380	66474	3040787	40787	5429	1	0	0	3	312	0	0	0	0	255	4294967295	4294967295	4294967295	4294967295	0	0	0	0	0	0	10	0	0	0	-1	0	3087	0	16322	348292	310308
312	2	10	1	420267	408766	139773	3127	243719	3040809	40809	5429	1	0	0	3	313	0	1	1	0	1	4294967295	4294967295	4294967295	4294967295	0	-33	0	0	0	9	10	0	0	0	-1	0	3089	9	16288	348292	313748
313	2	10	2	240270	228770	133009	5365	71446	3040747	40747	5429	1	0	0	3	314	0	1	1	0	1	4294967295	4294967295	4294967295	4294967295	0	-32	0	0	0	9	10	0	0	0	-1	0	3132	9	16290	348292	313748
314	2	10	3	220271	208768	124916	6121	59369	3040775	40775	5429	1	0	0	3	315	0	1	1	0	1	4294967295	4294967295	4294967295	4294967295	0	-34	0	0	0	9	10	0	0	0	-1	0	4407	9	16287	348292	313748
315	2	10	4	260274	248768	137564	3834	93018	3040775	40775	5429	1	0	0	3	316	0	1	1	0	1	4294967295	4294967295	4294967295	4294967295	0	-33	0	0	0	9	10	0	0	0	-1	0	3089	9	16284	348292	313748
316	2	10	5	270270	258761	144428	17030	79779	3040759	40759	5429	1	0	0	3	317	0	1	1	0	1	4294967295	4294967295	4294967295	4294967295	0	-33	0	0	0	9	10	0	0	0	-1	0	3133	9	16281	348292	313748
317	2	10	6	250270	238759	141098	163	76692	3040738	40738	5429	1	0	0	3	318	0	1	1	0	1	4294967295	4294967295	4294967295	4294967295	0	-34	0	0	0	9	10	0	0	0	-1	0	3081	9	16278	348292	313748
318	2	10	7	300269	288756	210337	2686	53782	3040767	40767	5429	1	0	0	3	319	0	1	1	0	1	4294967295	4294967295	4294967295	4294967295	0	-35	0	0	0	9	10	0	0	0	-1	0	3136	9	16275	348292	313748
319	2	10	8	210272	198755	112726	5960	60890	3040794	40794	5429	1	0	0	3	320	0	1	1	0	1	4294967295	4294967295	4294967295	4294967295	0	-33	0	0	0	9	10	0	0	0	-1	0	3089	9	16272	348292	313748
321	2	10	10	770272	758749	218499	100004	416735	3040852	40852	5429	0	1	0	3	322	0	0	0	0	255	4294967295	4294967295	4294967295	4294967295	0	-33	0	0	0	9	10	0	0	0	-1	0	3201	9	16266	348292	313748
322	2	10	11	470269	458743	354662	4811	82052	3040731	40731	5429	1	0	0	3	323	0	1	1	0	1	4294967295	4294967295	4294967295	4294967295	0	-35	0	0	0	9	10	0	0	0	-1	0	3073	9	16263	348292	313748
323	2	10	12	480270	468741	202889	69866	176952	3040752	40752	5429	1	0	0	3	324	0	1	1	0	1	4294967295	4294967295	4294967295	4294967295	0	-35	0	0	0	9	10	0	0	0	-1	0	3122	9	16261	348292	313748
324	2	10	13	230267	218735	122932	5622	71222	3040782	40782	5429	1	0	0	3	325	0	1	1	0	1	4294967295	4294967295	4294967295	4294967295	0	-33	0	0	0	9	10	0	0	0	-1	0	3087	9	16258	348292	313748
325	2	10	14	270269	258735	179105	177	56564	3040798	40798	5429	1	0	0	3	326	0	1	1	0	1	4294967295	4294967295	4294967295	4294967295	0	-34	0	0	0	9	10	0	0	0	-1	0	3202	9	16255	348292	313748
326	2	10	15	220267	208729	117446	11183	65662	3040752	40752	5429	1	0	0	3	327	0	1	1	0	1	4294967295	4294967295	4294967295	4294967295	0	-33	0	0	0	9	10	0	0	0	-1	0	3089	9	16252	348292	313748
327	2	10	16	270271	258730	182329	4180	51322	3040793	40793	5429	1	0	0	3	328	0	1	1	0	1	4294967295	4294967295	4294967295	4294967295	0	-33	0	0	0	9	10	0	0	0	-1	0	3205	9	16249	348292	313748
328	2	10	17	230261	218718	123992	6132	70708	3040746	40746	5429	1	0	0	3	329	0	1	1	0	1	4294967295	4294967295	4294967295	4294967295	0	-33	0	0	0	9	10	0	0	0	-1	0	3087	9	16246	348292	313748
329	2	10	18	300269	288723	179002	268	86469	3040802	40802	5429	1	0	0	3	330	0	1	1	0	1	4294967295	4294967295	4294967295	4294967295	0	-33	0	0	0	9	10	0	0	0	-1	0	3208	9	16243	348292	313748
330	2	10	19	320269	308720	156570	67591	69301	3040838	40838	5429	1	0	0	3	331	0	1	1	0	1	4294967295	4294967295	4294967295	4294967295	0	-35	0	0	0	9	10	0	0	0	-1	0	3041	9	16240	348292	313748
331	2	10	20	250262	238710	149263	10744	55833	3040780	40780	5429	1	0	0	3	332	0	1	1	0	1	4294967295	4294967295	4294967295	4294967295	0	-33	0	0	0	9	10	0	0	0	-1	0	3243	9	16237	348292	313748
332	2	10	21	220267	208713	119486	1782	65068	3040760	40760	5429	1	0	0	3	333	0	1	1	0	1	4294967295	4294967295	4294967295	4294967295	0	-32	0	0	0	9	10	0	0	0	-1	0	3089	9	16235	348292	313748
333	2	10	22	350267	338709	131054	21035	165810	3040804	40804	5429	1	0	0	3	334	0	1	1	0	1	4294967295	4294967295	4294967295	4294967295	0	-34	0	0	0	9	10	0	0	0	-1	0	3086	9	16232	348292	313748
334	2	10	23	300267	288880	185174	24101	61398	3040775	40775	5429	1	0	0	3	335	0	1	1	0	1	4294967295	4294967295	4294967295	4294967295	0	-35	0	0	0	9	10	0	0	0	-1	0	3205	9	16403	348292	313748
335	2	10	24	260264	248874	125886	11518	95064	3040768	40768	5429	1	0	0	3	336	0	1	1	0	1	4294967295	4294967295	4294967295	4294967295	0	-33	0	0	0	9	10	0	0	0	-1	0	3238	9	16400	348292	313748
336	2	10	25	320269	308876	222729	3140	63665	3040800	40800	5429	1	0	0	3	337	0	1	1	0	1	4294967295	4294967295	4294967295	4294967295	0	-35	0	0	0	9	10	0	0	0	-1	0	3135	9	16397	348292	313748
337	2	10	26	250262	238867	146044	8854	67731	3040788	40788	5429	1	0	0	3	338	0	1	1	0	1	4294967295	4294967295	4294967295	4294967295	0	-35	0	0	0	9	10	0	0	0	-1	0	3094	9	16394	348292	313748
339	2	10	28	270267	258866	157741	163	86683	3040787	40787	5429	1	0	0	3	340	0	1	1	0	1	4294967295	4294967295	4294967295	4294967295	0	-33	0	0	0	9	10	0	0	0	-1	0	3089	9	16388	348292	313748
