cycle,got_ip,got_ip_ms,udp_send_called,udp_send_err,udp_received,active_duration_ms,charge_mC,energy_mJ
1,1,,1,0,1,35000.00000000001,1851.7628831782706,5555.288649534812
2,1,,1,0,1,35000.01,1741.4180568909537,5224.254170672861
3,0,,0,127,0,35000.0,2097.425927646396,6292.277782939187
4,1,,1,0,1,35000.0,1727.1144530896092,5181.343359268828
5,0,,0,127,0,35000.01,2105.2362302637034,6315.708690791111
6,0,,0,127,0,35000.01,2182.0367593100614,6546.110277930184
7,0,,0,127,0,35000.00000000003,2203.1472495330727,6609.441748599218
8,1,,1,0,1,35000.01000000003,1037.7022607604981,3113.1067822814944
9,1,,1,0,1,35000.00999999997,2207.86611695742,6623.59835087226
10,0,,0,127,0,35000.01000000003,2205.643358275915,6616.930074827746
11,0,,0,127,0,35000.00999999997,2182.1452118330794,6546.435635499238
12,0,,0,127,0,35000.01000000003,2205.779045244608,6617.337135733824
13,0,,0,127,0,35000.00999999997,2216.074790953571,6648.224372860714
14,0,,0,127,0,35000.0,1765.0603052313513,5295.180915694054
15,1,,1,0,1,35000.00999999997,1746.948236037603,5240.844708112809
16,1,,1,0,1,35000.00999999997,1995.6535416452718,5986.960624935816
17,0,,0,127,0,35000.0,2202.068886951146,6606.206660853438
18,0,,0,127,0,35000.00000000012,1730.536827559517,5191.61048267855
19,1,,1,0,1,35000.00999999997,1742.0746924821842,5226.224077446553
20,0,,0,127,0,35000.00999999997,1749.6086795134854,5248.8260385404565
21,0,,0,127,0,35000.00999999997,2056.97910340602,6170.93731021806
22,0,,0,127,0,35000.00999999997,2222.5405046169126,6667.621513850738
23,0,,0,127,0,35000.00999999997,2224.4357073509223,6673.307122052767
24,0,,0,127,0,35000.01000000009,2212.5962714500656,6637.788814350197
25,0,,0,127,0,35000.00999999997,2227.9453713791245,6683.836114137373
26,0,,0,127,0,35000.01000000009,2233.891570474918,6701.674711424754
27,0,,0,127,0,35000.00999999997,2234.893803511045,6704.681410533135
28,0,,0,127,0,35000.00999999997,2214.181066192906,6642.543198578718
29,0,,0,127,0,35000.00999999997,2237.7787583245486,6713.336274973646
30,0,,0,127,0,35000.00999999997,2228.4012007037336,6685.203602111201
31,0,,0,127,0,35000.00999999997,2215.470859514628,6646.412578543885
32,0,,0,127,0,35000.00999999997,2216.5544743817654,6649.663423145296
33,0,,0,127,0,35000.00999999997,2213.5245574103624,6640.573672231087
34,0,,0,127,0,35000.00999999997,2216.336724857069,6649.010174571207
35,0,,0,127,0,35000.0100000002,2213.0126417260085,6639.037925178025
36,0,,0,127,0,35000.00999999997,2211.5132687581054,6634.539806274316
37,0,,0,127,0,35000.0100000002,2238.7816716844727,6716.345015053418
38,0,,0,127,0,35000.00999999997,1778.0322573355782,5334.096772006735
39,1,,1,0,1,35000.00999999997,2112.051130012144,6336.153390036432
40,0,,0,127,0,35000.00999999997,1768.874897872826,5306.624693618478
41,1,,1,0,1,35000.00999999997,1762.3614941885362,5287.084482565609
42,1,,1,0,1,35000.00999999997,1747.29856672369,5241.8957001710705
43,0,,0,127,0,35000.00999999997,1756.7079371095947,5270.123811328784
44,0,,0,127,0,35000.00999999997,2092.4358098930265,6277.30742967908
45,0,,0,127,0,35000.00999999997,2231.9548389026604,6695.864516707981
46,0,,0,127,0,35000.0100000002,1800.948026746278,5402.844080238834
47,1,,1,0,1,35000.00999999997,1763.4812830751441,5290.443849225432
48,0,,0,127,0,35000.00999999997,1755.3608557496302,5266.082567248891
49,1,,1,0,1,35000.00999999997,1766.7394566377511,5300.218369913253
50,0,,0,127,0,35000.00999999997,1774.55897139692,5323.67691419076
51,0,,0,127,0,35000.00999999997,1735.6940661735757,5207.082198520728
52,0,,0,127,0,35000.00999999997,2201.1635351172704,6603.490605351812
53,0,,0,127,0,35000.00999999997,1749.939309694151,5249.817929082453
54,1,,1,0,1,35000.0100000002,1763.5941442890175,5290.782432867052
55,0,,0,127,0,35000.0,1738.0036995491403,5214.011098647421
56,0,,0,127,0,35000.0,2066.527639405288,6199.582918215864
57,0,,0,127,0,35000.0100000002,2237.9005325695694,6713.7015977087085
58,0,,0,127,0,35000.00999999975,2214.375116892652,6643.125350677956
59,0,,0,127,0,35000.0,2219.018110819542,6657.054332458626
60,0,,0,127,0,35000.0,1768.518646431548,5305.555939294643
61,1,,1,0,1,35000.0,1770.4926132840585,5311.477839852176
62,0,,0,127,0,35000.00999999975,1733.6970074486296,5201.091022345889
63,0,,0,127,0,35000.00999999975,2213.8122317584503,6641.436695275351
64,0,,0,127,0,35000.00999999975,2220.8062127143758,6662.418638143127
65,0,,0,127,0,35000.00999999975,2235.3131318463616,6705.939395539084
66,0,,0,127,0,35000.00999999975,2234.5332922325406,6703.599876697622
67,0,,0,127,0,35000.0,2223.4023881823446,6670.207164547033
68,0,,0,127,0,35000.0,1778.156336196914,5334.469008590742
69,1,,1,0,1,35000.0,2117.188373400992,6351.565120202977
70,0,,0,127,0,35000.00999999975,2217.5849499714463,6652.7548499143395
71,0,,0,127,0,35000.00999999975,2212.651467018106,6637.954401054318
72,0,,0,127,0,35000.00999999975,2225.571812884548,6676.715438653644
73,0,,0,127,0,35000.00999999975,2219.0978702048333,6657.2936106145
74,0,,0,127,0,35000.00999999975,2226.5661787679937,6679.698536303981
75,0,,0,127,0,35000.00999999975,2228.372276898662,6685.116830695986
76,0,,0,127,0,35000.00999999975,2252.5357167948346,6757.607150384503
77,0,,0,127,0,35000.00999999975,2238.1090374503224,6714.327112350968
78,0,,0,127,0,35000.00999999975,2237.623607324357,6712.8708219730715
79,0,,0,127,0,35000.0,2238.5148269266965,6715.5444807800895
80,0,,0,127,0,35000.0,2226.642127760343,6679.926383281029
81,0,,0,127,0,35000.00999999975,2240.8776226043437,6722.632867813031
82,0,,0,127,0,35000.0,2231.1724202554824,6693.517260766447
83,0,,0,127,0,35000.00999999975,2234.386210356668,6703.158631070004
84,0,,0,127,0,35000.00999999975,2238.9378199036437,6716.813459710931
85,0,,0,127,0,35000.0,2225.8857162792765,6677.6571488378295
86,0,,0,127,0,35000.00999999975,2228.942313418405,6686.826940255214
87,0,,0,127,0,35000.0,2228.8811968354394,6686.643590506318
88,0,,0,127,0,35000.0100000002,2217.349561396286,6652.048684188858
89,0,,0,127,0,35000.00999999975,1784.8910069266515,5354.673020779955
90,1,,1,0,1,35000.0100000002,1806.9654395931987,5420.896318779596
91,0,,0,127,0,35000.0,1770.9886070699968,5312.96582120999
92,0,,0,127,0,35000.0,2077.786656886851,6233.359970660553
93,0,,0,127,0,35000.00999999975,1783.7237667446338,5351.171300233902
94,1,,1,0,1,35000.00999999975,2138.762236968068,6416.286710904204
95,0,,0,127,0,35000.00999999975,2239.2613181760707,6717.783954528212
96,0,,0,127,0,35000.00999999975,1775.566032696703,5326.698098090109
97,1,,1,0,1,35000.00999999975,2121.1242464937736,6363.372739481321
98,0,,0,127,0,35000.00999999975,2237.7842115508884,6713.352634652665
99,0,,0,127,0,35000.00999999975,1760.9588044879595,5282.876413463879
100,1,,1,0,1,35000.00999999975,1161.7302245887497,3485.1906737662493
