cycle,wifi_start,sta_connected,got_ip,disconnected,disconnect_count,first_disconnect_reason,final_disconnect_reason,association_time_ms,dhcp_time_ms,total_connect_time_ms,result_class
1,1,1,0,0,0,0,0,408,,,STA_CONNECTED_BUT_NO_GOT_IP
2,1,0,0,1,1,2,2,,,,DISCONNECTED_BEFORE_STA_CONNECTED
3,1,0,0,1,1,204,204,,,,DISCONNECTED_BEFORE_STA_CONNECTED
4,1,1,0,0,0,0,0,412,,,STA_CONNECTED_BUT_NO_GOT_IP
5,1,1,0,0,0,0,0,398,,,STA_CONNECTED_BUT_NO_GOT_IP
6,1,1,0,0,0,0,0,350,,,STA_CONNECTED_BUT_NO_GOT_IP
7,1,0,0,1,1,4,4,,,,DISCONNECTED_BEFORE_STA_CONNECTED
8,1,1,0,0,0,0,0,1560,,,STA_CONNECTED_BUT_NO_GOT_IP
9,1,1,0,0,0,0,0,456,,,STA_CONNECTED_BUT_NO_GOT_IP
10,1,1,0,0,0,0,0,463,,,STA_CONNECTED_BUT_NO_GOT_IP
11,1,1,0,0,0,0,0,348,,,STA_CONNECTED_BUT_NO_GOT_IP
12,1,1,0,0,0,0,0,513,,,STA_CONNECTED_BUT_NO_GOT_IP
13,1,1,0,0,0,0,0,385,,,STA_CONNECTED_BUT_NO_GOT_IP
14,1,1,0,0,0,0,0,355,,,STA_CONNECTED_BUT_NO_GOT_IP
15,1,1,0,0,0,0,0,373,,,STA_CONNECTED_BUT_NO_GOT_IP
16,1,1,0,0,0,0,0,512,,,STA_CONNECTED_BUT_NO_GOT_IP
17,1,1,0,0,0,0,0,323,,,STA_CONNECTED_BUT_NO_GOT_IP
18,1,1,0,0,0,0,0,379,,,STA_CONNECTED_BUT_NO_GOT_IP
19,1,1,1,0,0,0,0,1174,1541,2715,GOT_IP_SUCCESS
20,1,1,0,0,0,0,0,391,,,STA_CONNECTED_BUT_NO_GOT_IP
21,1,1,0,0,0,0,0,310,,,STA_CONNECTED_BUT_NO_GOT_IP
22,1,1,0,0,0,0,0,460,,,STA_CONNECTED_BUT_NO_GOT_IP
23,1,1,0,0,0,0,0,397,,,STA_CONNECTED_BUT_NO_GOT_IP
24,1,0,0,1,1,204,204,,,,DISCONNECTED_BEFORE_STA_CONNECTED
25,1,1,0,0,0,0,0,368,,,STA_CONNECTED_BUT_NO_GOT_IP
26,1,1,0,0,0,0,0,379,,,STA_CONNECTED_BUT_NO_GOT_IP
27,1,1,0,0,0,0,0,404,,,STA_CONNECTED_BUT_NO_GOT_IP
28,1,1,0,0,0,0,0,371,,,STA_CONNECTED_BUT_NO_GOT_IP
29,1,1,0,0,0,0,0,471,,,STA_CONNECTED_BUT_NO_GOT_IP
30,1,1,0,0,0,0,0,383,,,STA_CONNECTED_BUT_NO_GOT_IP
31,1,1,0,0,0,0,0,485,,,STA_CONNECTED_BUT_NO_GOT_IP
32,1,1,0,0,0,0,0,422,,,STA_CONNECTED_BUT_NO_GOT_IP
33,1,0,0,1,1,204,204,,,,DISCONNECTED_BEFORE_STA_CONNECTED
34,1,1,0,0,0,0,0,335,,,STA_CONNECTED_BUT_NO_GOT_IP
35,1,1,0,0,0,0,0,365,,,STA_CONNECTED_BUT_NO_GOT_IP
36,1,1,0,0,0,0,0,1777,,,STA_CONNECTED_BUT_NO_GOT_IP
37,1,1,1,0,0,0,0,1216,1560,2776,GOT_IP_SUCCESS
38,1,1,0,0,0,0,0,496,,,STA_CONNECTED_BUT_NO_GOT_IP
39,1,1,0,0,0,0,0,365,,,STA_CONNECTED_BUT_NO_GOT_IP
40,1,1,0,0,0,0,0,362,,,STA_CONNECTED_BUT_NO_GOT_IP
41,1,1,0,0,0,0,0,473,,,STA_CONNECTED_BUT_NO_GOT_IP
42,1,1,0,0,0,0,0,369,,,STA_CONNECTED_BUT_NO_GOT_IP
43,1,1,0,0,0,0,0,395,,,STA_CONNECTED_BUT_NO_GOT_IP
44,1,1,0,0,0,0,0,443,,,STA_CONNECTED_BUT_NO_GOT_IP
45,1,1,0,0,0,0,0,361,,,STA_CONNECTED_BUT_NO_GOT_IP
46,1,1,0,0,0,0,0,341,,,STA_CONNECTED_BUT_NO_GOT_IP
47,1,0,0,1,1,204,204,,,,DISCONNECTED_BEFORE_STA_CONNECTED
48,1,1,0,0,0,0,0,370,,,STA_CONNECTED_BUT_NO_GOT_IP
49,1,1,0,0,0,0,0,325,,,STA_CONNECTED_BUT_NO_GOT_IP
50,1,1,0,0,0,0,0,498,,,STA_CONNECTED_BUT_NO_GOT_IP
51,1,1,0,0,0,0,0,384,,,STA_CONNECTED_BUT_NO_GOT_IP
52,1,1,0,0,0,0,0,365,,,STA_CONNECTED_BUT_NO_GOT_IP
53,1,1,0,0,0,0,0,364,,,STA_CONNECTED_BUT_NO_GOT_IP
54,1,1,0,0,0,0,0,378,,,STA_CONNECTED_BUT_NO_GOT_IP
55,1,1,0,0,0,0,0,366,,,STA_CONNECTED_BUT_NO_GOT_IP
56,1,1,0,0,0,0,0,357,,,STA_CONNECTED_BUT_NO_GOT_IP
57,1,1,0,0,0,0,0,383,,,STA_CONNECTED_BUT_NO_GOT_IP
58,1,1,0,0,0,0,0,337,,,STA_CONNECTED_BUT_NO_GOT_IP
59,1,1,0,0,0,0,0,457,,,STA_CONNECTED_BUT_NO_GOT_IP
60,1,1,0,0,0,0,0,492,,,STA_CONNECTED_BUT_NO_GOT_IP
61,1,1,0,0,0,0,0,418,,,STA_CONNECTED_BUT_NO_GOT_IP
62,1,1,0,0,0,0,0,395,,,STA_CONNECTED_BUT_NO_GOT_IP
63,1,1,0,0,0,0,0,392,,,STA_CONNECTED_BUT_NO_GOT_IP
64,1,1,0,0,0,0,0,458,,,STA_CONNECTED_BUT_NO_GOT_IP
65,1,1,0,0,0,0,0,460,,,STA_CONNECTED_BUT_NO_GOT_IP
66,1,1,0,0,0,0,0,325,,,STA_CONNECTED_BUT_NO_GOT_IP
67,1,1,0,0,0,0,0,468,,,STA_CONNECTED_BUT_NO_GOT_IP
68,1,1,0,0,0,0,0,512,,,STA_CONNECTED_BUT_NO_GOT_IP
69,1,1,0,0,0,0,0,423,,,STA_CONNECTED_BUT_NO_GOT_IP
70,1,1,0,0,0,0,0,483,,,STA_CONNECTED_BUT_NO_GOT_IP
71,1,1,0,0,0,0,0,381,,,STA_CONNECTED_BUT_NO_GOT_IP
72,1,1,0,0,0,0,0,459,,,STA_CONNECTED_BUT_NO_GOT_IP
73,1,1,0,0,0,0,0,382,,,STA_CONNECTED_BUT_NO_GOT_IP
74,1,1,0,0,0,0,0,473,,,STA_CONNECTED_BUT_NO_GOT_IP
75,1,1,0,0,0,0,0,1415,,,STA_CONNECTED_BUT_NO_GOT_IP
76,1,1,0,0,0,0,0,492,,,STA_CONNECTED_BUT_NO_GOT_IP
77,1,1,0,0,0,0,0,486,,,STA_CONNECTED_BUT_NO_GOT_IP
78,1,1,0,0,0,0,0,459,,,STA_CONNECTED_BUT_NO_GOT_IP
79,1,1,0,0,0,0,0,366,,,STA_CONNECTED_BUT_NO_GOT_IP
80,1,1,0,0,0,0,0,369,,,STA_CONNECTED_BUT_NO_GOT_IP
81,1,0,0,1,1,15,15,,,,DISCONNECTED_BEFORE_STA_CONNECTED
82,1,0,0,1,1,204,204,,,,DISCONNECTED_BEFORE_STA_CONNECTED
83,1,1,0,0,0,0,0,333,,,STA_CONNECTED_BUT_NO_GOT_IP
84,1,1,0,0,0,0,0,1493,,,STA_CONNECTED_BUT_NO_GOT_IP
85,1,1,1,0,0,0,0,1157,1540,2697,GOT_IP_SUCCESS
86,1,1,0,0,0,0,0,416,,,STA_CONNECTED_BUT_NO_GOT_IP
87,1,1,0,0,0,0,0,370,,,STA_CONNECTED_BUT_NO_GOT_IP
88,1,0,0,1,1,15,15,,,,DISCONNECTED_BEFORE_STA_CONNECTED
89,1,1,0,0,0,0,0,335,,,STA_CONNECTED_BUT_NO_GOT_IP
90,1,0,0,1,1,204,204,,,,DISCONNECTED_BEFORE_STA_CONNECTED
91,1,1,0,0,0,0,0,494,,,STA_CONNECTED_BUT_NO_GOT_IP
92,1,1,0,0,0,0,0,355,,,STA_CONNECTED_BUT_NO_GOT_IP
93,1,1,0,0,0,0,0,397,,,STA_CONNECTED_BUT_NO_GOT_IP
94,1,1,1,0,0,0,0,1175,1523,2698,GOT_IP_SUCCESS
95,1,1,0,0,0,0,0,429,,,STA_CONNECTED_BUT_NO_GOT_IP
96,1,1,0,0,0,0,0,418,,,STA_CONNECTED_BUT_NO_GOT_IP
97,1,1,0,0,0,0,0,418,,,STA_CONNECTED_BUT_NO_GOT_IP
98,1,0,0,1,1,204,204,,,,DISCONNECTED_BEFORE_STA_CONNECTED
99,1,0,0,1,1,204,204,,,,DISCONNECTED_BEFORE_STA_CONNECTED
100,1,1,0,0,0,0,0,407,,,STA_CONNECTED_BUT_NO_GOT_IP
